Generation,Fitness
0,0.0013869625520110957
1,0.0013869625520110957
2,0.0013869625520110957
3,0.001610305958132045
4,0.001610305958132045
5,0.0019193857965451055
6,0.0019193857965451055
7,0.0019193857965451055
8,0.0019193857965451055
9,0.0019193857965451055
10,0.0019569471624266144
11,0.0019569471624266144
12,0.0019569471624266144
13,0.001996007984031936
14,0.001996007984031936
15,0.001996007984031936
16,0.001996007984031936
17,0.001996007984031936
18,0.001996007984031936
19,0.001996007984031936
20,0.001996007984031936
21,0.001996007984031936
22,0.003215434083601286
23,0.0033222591362126247
24,0.0033222591362126247
25,0.0033222591362126247
26,0.0033222591362126247
27,0.0033222591362126247
28,0.0033222591362126247
29,0.0033222591362126247
30,0.0033222591362126247
31,0.0033222591362126247
32,0.0033222591362126247
33,0.0033222591362126247
34,0.0033222591362126247
35,0.0033222591362126247
36,0.0033222591362126247
37,0.0033222591362126247
38,0.0033222591362126247
39,0.0033222591362126247
40,0.0033222591362126247
41,0.0033222591362126247
42,0.0033222591362126247
43,0.0033222591362126247
44,0.003436426116838488
45,0.003436426116838488
46,0.003436426116838488
47,0.003436426116838488
48,0.003436426116838488
49,0.003436426116838488
50,0.003436426116838488
51,0.003436426116838488
52,0.003436426116838488
53,0.0035587188612099642
54,0.0035587188612099642
55,0.005235602094240838
56,0.005235602094240838
57,0.005235602094240838
58,0.005235602094240838
59,0.005235602094240838
60,0.005235602094240838
61,0.005235602094240838
62,0.005235602094240838
63,0.005235602094240838
64,0.005235602094240838
65,0.005235602094240838
66,0.005235602094240838
67,0.005235602094240838
68,0.005235602094240838
69,0.005235602094240838
70,0.005235602094240838
71,0.005235602094240838
72,0.005235602094240838
73,0.005235602094240838
74,0.01098901098901099
75,0.01098901098901099
76,0.01098901098901099
77,0.01098901098901099
78,0.01098901098901099
79,0.01098901098901099
80,0.012345679012345678
81,0.012345679012345678
82,0.012345679012345678
83,0.012345679012345678
84,0.012345679012345678
85,0.012345679012345678
86,0.012345679012345678
87,0.012345679012345678
88,0.012345679012345678
89,0.012345679012345678
90,0.012345679012345678
91,0.012345679012345678
92,0.012345679012345678
93,0.012345679012345678
94,0.012345679012345678
95,0.012345679012345678
96,0.012345679012345678
97,0.012345679012345678
98,0.012345679012345678
99,0.012345679012345678
100,0.012345679012345678
101,0.012345679012345678
102,0.012345679012345678
103,0.012345679012345678
104,0.012345679012345678
105,0.012345679012345678
106,0.012345679012345678
107,0.012345679012345678
108,0.012345679012345678
109,0.012345679012345678
110,0.012345679012345678
111,0.012345679012345678
112,0.014084507042253521
113,0.014084507042253521
114,0.014084507042253521
115,0.014084507042253521
116,0.014084507042253521
117,0.014084507042253521
118,0.014084507042253521
119,0.014084507042253521
120,0.014084507042253521
121,0.014084507042253521
122,0.014084507042253521
123,0.014084507042253521
124,0.01639344262295082
125,0.01639344262295082
126,0.01639344262295082
127,0.01639344262295082
128,0.01639344262295082
129,0.01639344262295082
130,0.01639344262295082
131,0.01639344262295082
132,0.01639344262295082
133,0.01639344262295082
134,0.01639344262295082
135,0.01639344262295082
136,0.01639344262295082
137,0.01639344262295082
138,0.01639344262295082
139,0.01639344262295082
140,0.01639344262295082
141,0.01639344262295082
142,0.01639344262295082
143,0.01639344262295082
144,0.01639344262295082
145,0.01639344262295082
146,0.01639344262295082
147,0.01639344262295082
148,0.01639344262295082
149,0.01639344262295082
150,0.01639344262295082
151,0.01639344262295082
152,0.01639344262295082
153,0.01639344262295082
154,0.01639344262295082
155,0.01639344262295082
156,0.01639344262295082
157,0.01639344262295082
158,0.01639344262295082
159,0.01639344262295082
160,0.01639344262295082
161,0.01639344262295082
162,0.01639344262295082
163,0.01639344262295082
164,0.01639344262295082
165,0.01639344262295082
166,0.01639344262295082
167,0.01639344262295082
168,0.01639344262295082
169,0.01639344262295082
170,0.01639344262295082
171,0.01639344262295082
172,0.01639344262295082
173,0.01639344262295082
174,0.01639344262295082
175,0.01639344262295082
176,0.01639344262295082
177,0.01639344262295082
178,0.01639344262295082
179,0.01639344262295082
180,0.01639344262295082
181,0.01639344262295082
182,0.01639344262295082
183,0.01639344262295082
184,0.01639344262295082
185,0.01639344262295082
186,0.01639344262295082
187,0.01639344262295082
188,0.01639344262295082
189,0.01639344262295082
190,0.01639344262295082
191,0.01639344262295082
192,0.01639344262295082
193,0.01639344262295082
194,0.01639344262295082
195,0.01639344262295082
196,0.01639344262295082
197,0.01639344262295082
198,0.01639344262295082
199,0.01639344262295082
200,0.0196078431372549
201,0.0196078431372549
202,0.0196078431372549
203,0.0196078431372549
204,0.0196078431372549
205,0.0196078431372549
206,0.0196078431372549
207,0.0196078431372549
208,0.0196078431372549
209,0.0196078431372549
210,0.0196078431372549
211,0.0196078431372549
212,0.0196078431372549
213,0.0196078431372549
214,0.0196078431372549
215,0.0196078431372549
216,0.0196078431372549
217,0.0196078431372549
218,0.0196078431372549
219,0.0196078431372549
220,0.0196078431372549
221,0.0196078431372549
222,0.0196078431372549
223,0.0196078431372549
224,0.0196078431372549
225,0.0196078431372549
226,0.0196078431372549
227,0.0196078431372549
228,0.0196078431372549
229,0.024390243902439025
230,0.024390243902439025
231,0.024390243902439025
232,0.024390243902439025
233,0.024390243902439025
234,0.024390243902439025
235,0.024390243902439025
236,0.024390243902439025
237,0.024390243902439025
238,0.024390243902439025
239,0.024390243902439025
240,0.024390243902439025
241,0.024390243902439025
242,0.024390243902439025
243,0.024390243902439025
244,0.024390243902439025
245,0.024390243902439025
246,0.024390243902439025
247,0.024390243902439025
248,0.024390243902439025
249,0.024390243902439025
250,0.024390243902439025
251,0.024390243902439025
252,0.024390243902439025
253,0.024390243902439025
254,0.024390243902439025
255,0.024390243902439025
256,0.024390243902439025
257,0.024390243902439025
258,0.024390243902439025
259,0.024390243902439025
260,0.024390243902439025
261,0.024390243902439025
262,0.024390243902439025
263,0.024390243902439025
264,0.024390243902439025
265,0.024390243902439025
266,0.024390243902439025
267,0.024390243902439025
268,0.024390243902439025
269,0.024390243902439025
270,0.024390243902439025
271,0.024390243902439025
272,0.024390243902439025
273,0.024390243902439025
274,0.024390243902439025
275,0.024390243902439025
276,0.024390243902439025
277,0.024390243902439025
278,0.024390243902439025
279,0.024390243902439025
280,0.024390243902439025
281,0.024390243902439025
282,0.024390243902439025
283,0.024390243902439025
284,0.024390243902439025
285,0.024390243902439025
286,0.024390243902439025
287,0.024390243902439025
288,0.024390243902439025
289,0.024390243902439025
290,0.024390243902439025
291,0.024390243902439025
292,0.024390243902439025
293,0.024390243902439025
294,0.024390243902439025
295,0.024390243902439025
296,0.024390243902439025
297,0.024390243902439025
298,0.024390243902439025
299,0.024390243902439025
300,0.024390243902439025
301,0.024390243902439025
302,0.024390243902439025
303,0.024390243902439025
304,0.024390243902439025
305,0.024390243902439025
306,0.024390243902439025
307,0.024390243902439025
308,0.024390243902439025
309,0.024390243902439025
310,0.024390243902439025
311,0.024390243902439025
312,0.024390243902439025
313,0.024390243902439025
314,0.024390243902439025
315,0.024390243902439025
316,0.024390243902439025
317,0.024390243902439025
318,0.024390243902439025
319,0.024390243902439025
320,0.024390243902439025
321,0.024390243902439025
322,0.024390243902439025
323,0.024390243902439025
324,0.024390243902439025
325,0.024390243902439025
326,0.024390243902439025
327,0.024390243902439025
328,0.024390243902439025
329,0.024390243902439025
330,0.024390243902439025
331,0.024390243902439025
332,0.024390243902439025
333,0.024390243902439025
334,0.024390243902439025
335,0.024390243902439025
336,0.024390243902439025
337,0.024390243902439025
338,0.024390243902439025
339,0.024390243902439025
340,0.024390243902439025
341,0.024390243902439025
342,0.024390243902439025
343,0.024390243902439025
344,0.024390243902439025
345,0.024390243902439025
346,0.024390243902439025
347,0.024390243902439025
348,0.024390243902439025
349,0.024390243902439025
350,0.024390243902439025
351,0.024390243902439025
352,0.024390243902439025
353,0.024390243902439025
354,0.024390243902439025
355,0.024390243902439025
356,0.024390243902439025
357,0.024390243902439025
358,0.024390243902439025
359,0.024390243902439025
360,0.024390243902439025
361,0.024390243902439025
362,0.024390243902439025
363,0.024390243902439025
364,0.024390243902439025
365,0.024390243902439025
366,0.024390243902439025
367,0.024390243902439025
368,0.024390243902439025
369,0.024390243902439025
370,0.024390243902439025
371,0.024390243902439025
372,0.024390243902439025
373,0.024390243902439025
374,0.024390243902439025
375,0.024390243902439025
376,0.024390243902439025
377,0.024390243902439025
378,0.024390243902439025
379,0.024390243902439025
380,0.024390243902439025
381,0.024390243902439025
382,0.024390243902439025
383,0.024390243902439025
384,0.024390243902439025
385,0.024390243902439025
386,0.024390243902439025
387,0.024390243902439025
388,0.024390243902439025
389,0.024390243902439025
390,0.024390243902439025
391,0.024390243902439025
392,0.024390243902439025
393,0.024390243902439025
394,0.024390243902439025
395,0.024390243902439025
396,0.024390243902439025
397,0.024390243902439025
398,0.024390243902439025
399,0.024390243902439025
400,0.024390243902439025
401,0.024390243902439025
402,0.024390243902439025
403,0.024390243902439025
404,0.024390243902439025
405,0.024390243902439025
406,0.024390243902439025
407,0.024390243902439025
408,0.024390243902439025
409,0.024390243902439025
410,0.024390243902439025
411,0.024390243902439025
412,0.024390243902439025
413,0.024390243902439025
414,0.024390243902439025
415,0.024390243902439025
416,0.024390243902439025
417,0.024390243902439025
418,0.024390243902439025
419,0.024390243902439025
420,0.024390243902439025
421,0.024390243902439025
422,0.024390243902439025
423,0.024390243902439025
424,0.024390243902439025
425,0.024390243902439025
426,0.024390243902439025
427,0.024390243902439025
428,0.024390243902439025
429,0.024390243902439025
430,0.024390243902439025
431,0.024390243902439025
432,0.024390243902439025
433,0.024390243902439025
434,0.024390243902439025
435,0.024390243902439025
436,0.024390243902439025
437,0.024390243902439025
438,0.024390243902439025
439,0.024390243902439025
440,0.024390243902439025
441,0.024390243902439025
442,0.024390243902439025
443,0.024390243902439025
444,0.024390243902439025
445,0.024390243902439025
446,0.024390243902439025
447,0.024390243902439025
448,0.024390243902439025
449,0.024390243902439025
450,0.024390243902439025
451,0.024390243902439025
452,0.024390243902439025
453,0.024390243902439025
454,0.024390243902439025
455,0.024390243902439025
456,0.024390243902439025
457,0.024390243902439025
458,0.024390243902439025
459,0.024390243902439025
460,0.024390243902439025
461,0.024390243902439025
462,0.024390243902439025
463,0.024390243902439025
464,0.024390243902439025
465,0.024390243902439025
466,0.024390243902439025
467,0.024390243902439025
468,0.024390243902439025
469,0.024390243902439025
470,0.024390243902439025
471,0.024390243902439025
472,0.024390243902439025
473,0.024390243902439025
474,0.024390243902439025
475,0.024390243902439025
476,0.024390243902439025
477,0.024390243902439025
478,0.024390243902439025
479,0.024390243902439025
480,0.024390243902439025
481,0.024390243902439025
482,0.024390243902439025
483,0.024390243902439025
484,0.024390243902439025
485,0.024390243902439025
486,0.024390243902439025
487,0.024390243902439025
488,0.024390243902439025
489,0.024390243902439025
490,0.024390243902439025
491,0.024390243902439025
492,0.024390243902439025
493,0.024390243902439025
494,0.024390243902439025
495,0.024390243902439025
496,0.024390243902439025
497,0.024390243902439025
498,0.024390243902439025
499,0.024390243902439025
500,0.024390243902439025
501,0.024390243902439025
502,0.024390243902439025
503,0.024390243902439025
504,0.024390243902439025
505,0.024390243902439025
506,0.024390243902439025
507,0.024390243902439025
508,0.024390243902439025
509,0.024390243902439025
510,0.024390243902439025
511,0.024390243902439025
512,0.024390243902439025
513,0.024390243902439025
514,0.024390243902439025
515,0.024390243902439025
516,0.024390243902439025
517,0.024390243902439025
518,0.024390243902439025
519,0.024390243902439025
520,0.024390243902439025
521,0.024390243902439025
522,0.024390243902439025
523,0.024390243902439025
524,0.024390243902439025
525,0.024390243902439025
526,0.024390243902439025
527,0.024390243902439025
528,0.024390243902439025
529,0.024390243902439025
530,0.024390243902439025
531,0.024390243902439025
532,0.024390243902439025
533,0.024390243902439025
534,0.024390243902439025
535,0.024390243902439025
536,0.024390243902439025
537,0.024390243902439025
538,0.024390243902439025
539,0.024390243902439025
540,0.024390243902439025
541,0.024390243902439025
542,0.024390243902439025
543,0.024390243902439025
544,0.024390243902439025
545,0.024390243902439025
546,0.024390243902439025
547,0.024390243902439025
548,0.024390243902439025
549,0.024390243902439025
550,0.024390243902439025
551,0.024390243902439025
552,0.024390243902439025
553,0.024390243902439025
554,0.024390243902439025
555,0.024390243902439025
556,0.024390243902439025
557,0.024390243902439025
558,0.024390243902439025
559,0.024390243902439025
560,0.024390243902439025
561,0.024390243902439025
562,0.024390243902439025
563,0.024390243902439025
564,0.024390243902439025
565,0.024390243902439025
566,0.024390243902439025
567,0.024390243902439025
568,0.024390243902439025
569,0.024390243902439025
570,0.024390243902439025
571,0.024390243902439025
572,0.024390243902439025
573,0.024390243902439025
574,0.024390243902439025
575,0.024390243902439025
576,0.024390243902439025
577,0.024390243902439025
578,0.024390243902439025
579,0.024390243902439025
580,0.024390243902439025
581,0.024390243902439025
582,0.024390243902439025
583,0.024390243902439025
584,0.024390243902439025
585,0.024390243902439025
586,0.024390243902439025
587,0.024390243902439025
588,0.024390243902439025
589,0.024390243902439025
590,0.024390243902439025
591,0.024390243902439025
592,0.024390243902439025
593,0.024390243902439025
594,0.024390243902439025
595,0.024390243902439025
596,0.024390243902439025
597,0.024390243902439025
598,0.024390243902439025
599,0.024390243902439025
600,0.024390243902439025
601,0.024390243902439025
602,0.024390243902439025
603,0.024390243902439025
604,0.024390243902439025
605,0.024390243902439025
606,0.024390243902439025
607,0.024390243902439025
608,0.024390243902439025
609,0.024390243902439025
610,0.024390243902439025
611,0.024390243902439025
612,0.024390243902439025
613,0.024390243902439025
614,0.024390243902439025
615,0.024390243902439025
616,0.024390243902439025
617,0.024390243902439025
618,0.024390243902439025
619,0.024390243902439025
620,0.024390243902439025
621,0.024390243902439025
622,0.024390243902439025
623,0.024390243902439025
624,0.024390243902439025
625,0.024390243902439025
626,0.024390243902439025
627,0.024390243902439025
628,0.024390243902439025
629,0.024390243902439025
630,0.024390243902439025
631,0.024390243902439025
632,0.024390243902439025
633,0.024390243902439025
634,0.024390243902439025
635,0.024390243902439025
636,0.024390243902439025
637,0.024390243902439025
638,0.024390243902439025
639,0.024390243902439025
640,0.024390243902439025
641,0.024390243902439025
642,0.024390243902439025
643,0.024390243902439025
644,0.024390243902439025
645,0.024390243902439025
646,0.024390243902439025
647,0.024390243902439025
648,0.024390243902439025
649,0.024390243902439025
650,0.024390243902439025
651,0.024390243902439025
652,0.024390243902439025
653,0.024390243902439025
654,0.024390243902439025
655,0.024390243902439025
656,0.024390243902439025
657,0.024390243902439025
658,0.024390243902439025
659,0.024390243902439025
660,0.024390243902439025
661,0.024390243902439025
662,0.024390243902439025
663,0.024390243902439025
664,0.024390243902439025
665,0.024390243902439025
666,0.024390243902439025
667,0.024390243902439025
668,0.024390243902439025
669,0.024390243902439025
670,0.024390243902439025
671,0.024390243902439025
672,0.024390243902439025
673,0.024390243902439025
674,0.024390243902439025
675,0.024390243902439025
676,0.024390243902439025
677,0.024390243902439025
678,0.024390243902439025
679,0.024390243902439025
680,0.024390243902439025
681,0.024390243902439025
682,0.024390243902439025
683,0.024390243902439025
684,0.024390243902439025
685,0.024390243902439025
686,0.024390243902439025
687,0.024390243902439025
688,0.024390243902439025
689,0.024390243902439025
690,0.024390243902439025
691,0.024390243902439025
692,0.024390243902439025
693,0.024390243902439025
694,0.024390243902439025
695,0.024390243902439025
696,0.024390243902439025
697,0.024390243902439025
698,0.024390243902439025
699,0.024390243902439025
700,0.024390243902439025
701,0.024390243902439025
702,0.024390243902439025
703,0.024390243902439025
704,0.024390243902439025
705,0.024390243902439025
706,0.024390243902439025
707,0.024390243902439025
708,0.024390243902439025
709,0.024390243902439025
710,0.024390243902439025
711,0.024390243902439025
712,0.024390243902439025
713,0.024390243902439025
714,0.024390243902439025
715,0.024390243902439025
716,0.024390243902439025
717,0.024390243902439025
718,0.024390243902439025
719,0.024390243902439025
720,0.024390243902439025
721,0.024390243902439025
722,0.024390243902439025
723,0.024390243902439025
724,0.024390243902439025
725,0.024390243902439025
726,0.024390243902439025
727,0.024390243902439025
728,0.024390243902439025
729,0.024390243902439025
730,0.024390243902439025
731,0.024390243902439025
732,0.024390243902439025
733,0.024390243902439025
734,0.024390243902439025
735,0.024390243902439025
736,0.024390243902439025
737,0.024390243902439025
738,0.024390243902439025
739,0.024390243902439025
740,0.024390243902439025
741,0.024390243902439025
742,0.024390243902439025
743,0.024390243902439025
744,0.024390243902439025
745,0.024390243902439025
746,0.024390243902439025
747,0.024390243902439025
748,0.024390243902439025
749,0.024390243902439025
750,0.024390243902439025
751,0.024390243902439025
752,0.024390243902439025
753,0.024390243902439025
754,0.024390243902439025
755,0.024390243902439025
756,0.024390243902439025
757,0.024390243902439025
758,0.024390243902439025
759,0.024390243902439025
760,0.024390243902439025
761,0.024390243902439025
762,0.024390243902439025
763,0.024390243902439025
764,0.024390243902439025
765,0.024390243902439025
766,0.024390243902439025
767,0.024390243902439025
768,0.024390243902439025
769,0.024390243902439025
770,0.024390243902439025
771,0.024390243902439025
772,0.024390243902439025
773,0.024390243902439025
774,0.024390243902439025
775,0.024390243902439025
776,0.024390243902439025
777,0.024390243902439025
778,0.024390243902439025
779,0.024390243902439025
780,0.024390243902439025
781,0.024390243902439025
782,0.024390243902439025
783,0.024390243902439025
784,0.024390243902439025
785,0.024390243902439025
786,0.024390243902439025
787,0.024390243902439025
788,0.024390243902439025
789,0.024390243902439025
790,0.024390243902439025
791,0.024390243902439025
792,0.024390243902439025
793,0.024390243902439025
794,0.024390243902439025
795,0.024390243902439025
796,0.024390243902439025
797,0.024390243902439025
798,0.024390243902439025
799,0.024390243902439025
800,0.024390243902439025
801,0.024390243902439025
802,0.024390243902439025
803,0.024390243902439025
804,0.024390243902439025
805,0.024390243902439025
806,0.024390243902439025
807,0.024390243902439025
808,0.024390243902439025
809,0.024390243902439025
810,0.024390243902439025
811,0.024390243902439025
812,0.024390243902439025
813,0.024390243902439025
814,0.024390243902439025
815,0.024390243902439025
816,0.024390243902439025
817,0.024390243902439025
818,0.024390243902439025
819,0.024390243902439025
820,0.024390243902439025
821,0.024390243902439025
822,0.024390243902439025
823,0.024390243902439025
824,0.024390243902439025
825,0.024390243902439025
826,0.024390243902439025
827,0.024390243902439025
828,0.024390243902439025
829,0.024390243902439025
830,0.024390243902439025
831,0.024390243902439025
832,0.024390243902439025
833,0.024390243902439025
834,0.024390243902439025
835,0.024390243902439025
836,0.024390243902439025
837,0.024390243902439025
838,0.024390243902439025
839,0.024390243902439025
840,0.024390243902439025
841,0.024390243902439025
842,0.024390243902439025
843,0.024390243902439025
844,0.024390243902439025
845,0.024390243902439025
846,0.024390243902439025
847,0.024390243902439025
848,0.024390243902439025
849,0.024390243902439025
850,0.024390243902439025
851,0.024390243902439025
852,0.024390243902439025
853,0.024390243902439025
854,0.024390243902439025
855,0.024390243902439025
856,0.024390243902439025
857,0.024390243902439025
858,0.024390243902439025
859,0.024390243902439025
860,0.024390243902439025
861,0.024390243902439025
862,0.024390243902439025
863,0.024390243902439025
864,0.024390243902439025
865,0.024390243902439025
866,0.024390243902439025
867,0.024390243902439025
868,0.024390243902439025
869,0.024390243902439025
870,0.024390243902439025
871,0.024390243902439025
872,0.024390243902439025
873,0.024390243902439025
874,0.024390243902439025
875,0.024390243902439025
876,0.024390243902439025
877,0.024390243902439025
878,0.024390243902439025
879,0.024390243902439025
880,0.024390243902439025
881,0.024390243902439025
882,0.024390243902439025
883,0.024390243902439025
884,0.024390243902439025
885,0.024390243902439025
886,0.024390243902439025
887,0.024390243902439025
888,0.024390243902439025
889,0.024390243902439025
890,0.024390243902439025
891,0.024390243902439025
892,0.024390243902439025
893,0.024390243902439025
894,0.024390243902439025
895,0.024390243902439025
896,0.024390243902439025
897,0.024390243902439025
898,0.024390243902439025
899,0.024390243902439025
900,0.024390243902439025
901,0.024390243902439025
902,0.024390243902439025
903,0.024390243902439025
904,0.024390243902439025
905,0.024390243902439025
906,0.024390243902439025
907,0.024390243902439025
908,0.024390243902439025
909,0.024390243902439025
910,0.024390243902439025
911,0.024390243902439025
912,0.024390243902439025
913,0.024390243902439025
914,0.024390243902439025
915,0.024390243902439025
916,0.024390243902439025
917,0.024390243902439025
918,0.024390243902439025
919,0.024390243902439025
920,0.024390243902439025
921,0.024390243902439025
922,0.024390243902439025
923,0.024390243902439025
924,0.024390243902439025
925,0.024390243902439025
926,0.024390243902439025
927,0.024390243902439025
928,0.024390243902439025
929,0.024390243902439025
930,0.024390243902439025
931,0.024390243902439025
932,0.024390243902439025
933,0.024390243902439025
934,0.024390243902439025
935,0.024390243902439025
936,0.024390243902439025
937,0.024390243902439025
938,0.024390243902439025
939,0.024390243902439025
940,0.024390243902439025
941,0.024390243902439025
942,0.024390243902439025
943,0.024390243902439025
944,0.024390243902439025
945,0.024390243902439025
946,0.024390243902439025
947,0.024390243902439025
948,0.024390243902439025
949,0.024390243902439025
950,0.024390243902439025
951,0.024390243902439025
952,0.024390243902439025
953,0.024390243902439025
954,0.024390243902439025
955,0.024390243902439025
956,0.024390243902439025
957,0.024390243902439025
958,0.024390243902439025
959,0.024390243902439025
960,0.024390243902439025
961,0.024390243902439025
962,0.024390243902439025
963,0.024390243902439025
964,0.024390243902439025
965,0.024390243902439025
966,0.024390243902439025
967,0.024390243902439025
968,0.024390243902439025
969,0.024390243902439025
970,0.024390243902439025
971,0.024390243902439025
972,0.024390243902439025
973,0.024390243902439025
974,0.024390243902439025
975,0.024390243902439025
976,0.024390243902439025
977,0.024390243902439025
978,0.024390243902439025
979,0.024390243902439025
980,0.024390243902439025
981,0.024390243902439025
982,0.024390243902439025
983,0.024390243902439025
984,0.024390243902439025
985,0.024390243902439025
986,0.024390243902439025
987,0.024390243902439025
988,0.024390243902439025
989,0.024390243902439025
990,0.024390243902439025
991,0.024390243902439025
992,0.024390243902439025
993,0.024390243902439025
994,0.024390243902439025
995,0.024390243902439025
996,0.024390243902439025
997,0.024390243902439025
998,0.024390243902439025
999,0.024390243902439025
1000,0.024390243902439025
1001,0.024390243902439025
1002,0.024390243902439025
1003,0.024390243902439025
1004,0.024390243902439025
1005,0.024390243902439025
1006,0.024390243902439025
1007,0.024390243902439025
1008,0.024390243902439025
1009,0.024390243902439025
1010,0.024390243902439025
1011,0.024390243902439025
1012,0.024390243902439025
1013,0.024390243902439025
1014,0.024390243902439025
1015,0.024390243902439025
1016,0.024390243902439025
1017,0.024390243902439025
1018,0.024390243902439025
1019,0.024390243902439025
1020,0.024390243902439025
1021,0.024390243902439025
1022,0.024390243902439025
1023,0.024390243902439025
1024,0.024390243902439025
1025,0.024390243902439025
1026,0.024390243902439025
1027,0.024390243902439025
1028,0.024390243902439025
1029,0.024390243902439025
1030,0.024390243902439025
1031,0.024390243902439025
1032,0.024390243902439025
1033,0.024390243902439025
1034,0.024390243902439025
1035,0.024390243902439025
1036,0.024390243902439025
1037,0.024390243902439025
1038,0.024390243902439025
1039,0.024390243902439025
1040,0.024390243902439025
1041,0.024390243902439025
1042,0.024390243902439025
1043,0.024390243902439025
1044,0.024390243902439025
1045,0.024390243902439025
1046,0.024390243902439025
1047,0.024390243902439025
1048,0.024390243902439025
1049,0.024390243902439025
1050,0.024390243902439025
1051,0.024390243902439025
1052,0.024390243902439025
1053,0.024390243902439025
1054,0.024390243902439025
1055,0.024390243902439025
1056,0.024390243902439025
1057,0.024390243902439025
1058,0.024390243902439025
1059,0.024390243902439025
1060,0.024390243902439025
1061,0.024390243902439025
1062,0.024390243902439025
1063,0.024390243902439025
1064,0.024390243902439025
1065,0.024390243902439025
1066,0.024390243902439025
1067,0.024390243902439025
1068,0.024390243902439025
1069,0.024390243902439025
1070,0.024390243902439025
1071,0.024390243902439025
1072,0.024390243902439025
1073,0.024390243902439025
1074,0.024390243902439025
1075,0.024390243902439025
1076,0.024390243902439025
1077,0.024390243902439025
1078,0.024390243902439025
1079,0.024390243902439025
1080,0.024390243902439025
1081,0.024390243902439025
1082,0.024390243902439025
1083,0.024390243902439025
1084,0.024390243902439025
1085,0.024390243902439025
1086,0.024390243902439025
1087,0.024390243902439025
1088,0.024390243902439025
1089,0.024390243902439025
1090,0.024390243902439025
1091,0.024390243902439025
1092,0.024390243902439025
1093,0.024390243902439025
1094,0.024390243902439025
1095,0.024390243902439025
1096,0.024390243902439025
1097,0.024390243902439025
1098,0.024390243902439025
1099,0.024390243902439025
1100,0.024390243902439025
1101,0.024390243902439025
1102,0.024390243902439025
1103,0.024390243902439025
1104,0.024390243902439025
1105,0.024390243902439025
1106,0.024390243902439025
1107,0.024390243902439025
1108,0.024390243902439025
1109,0.024390243902439025
1110,0.024390243902439025
1111,0.024390243902439025
1112,0.024390243902439025
1113,0.024390243902439025
1114,0.024390243902439025
1115,0.024390243902439025
1116,0.024390243902439025
1117,0.024390243902439025
1118,0.024390243902439025
1119,0.024390243902439025
1120,0.024390243902439025
1121,0.024390243902439025
1122,0.024390243902439025
1123,0.024390243902439025
1124,0.024390243902439025
1125,0.024390243902439025
1126,0.024390243902439025
1127,0.024390243902439025
1128,0.024390243902439025
1129,0.024390243902439025
1130,0.024390243902439025
1131,0.024390243902439025
1132,0.024390243902439025
1133,0.024390243902439025
1134,0.024390243902439025
1135,0.024390243902439025
1136,0.024390243902439025
1137,0.024390243902439025
1138,0.024390243902439025
1139,0.024390243902439025
1140,0.024390243902439025
1141,0.024390243902439025
1142,0.024390243902439025
1143,0.024390243902439025
1144,0.024390243902439025
1145,0.024390243902439025
1146,0.024390243902439025
1147,0.024390243902439025
1148,0.024390243902439025
1149,0.024390243902439025
1150,0.024390243902439025
1151,0.024390243902439025
1152,0.024390243902439025
1153,0.024390243902439025
1154,0.024390243902439025
1155,0.024390243902439025
1156,0.024390243902439025
1157,0.024390243902439025
1158,0.024390243902439025
1159,0.024390243902439025
1160,0.024390243902439025
1161,0.024390243902439025
1162,0.024390243902439025
1163,0.024390243902439025
1164,0.024390243902439025
1165,0.024390243902439025
1166,0.024390243902439025
1167,0.024390243902439025
1168,0.024390243902439025
1169,0.024390243902439025
1170,0.024390243902439025
1171,0.024390243902439025
1172,0.024390243902439025
1173,0.024390243902439025
1174,0.024390243902439025
1175,0.024390243902439025
1176,0.024390243902439025
1177,0.024390243902439025
1178,0.024390243902439025
1179,0.024390243902439025
1180,0.024390243902439025
1181,0.024390243902439025
1182,0.024390243902439025
1183,0.024390243902439025
1184,0.024390243902439025
1185,0.024390243902439025
1186,0.024390243902439025
1187,0.024390243902439025
1188,0.024390243902439025
1189,0.024390243902439025
1190,0.024390243902439025
1191,0.024390243902439025
1192,0.024390243902439025
1193,0.024390243902439025
1194,0.024390243902439025
1195,0.024390243902439025
1196,0.024390243902439025
1197,0.024390243902439025
1198,0.024390243902439025
1199,0.024390243902439025
1200,0.024390243902439025
1201,0.024390243902439025
1202,0.024390243902439025
1203,0.024390243902439025
1204,0.024390243902439025
1205,0.024390243902439025
1206,0.024390243902439025
1207,0.024390243902439025
1208,0.024390243902439025
1209,0.024390243902439025
1210,0.024390243902439025
1211,0.024390243902439025
1212,0.024390243902439025
1213,0.024390243902439025
1214,0.024390243902439025
1215,0.024390243902439025
1216,0.024390243902439025
1217,0.024390243902439025
1218,0.024390243902439025
1219,0.024390243902439025
1220,0.024390243902439025
1221,0.024390243902439025
1222,0.024390243902439025
1223,0.024390243902439025
1224,0.024390243902439025
1225,0.024390243902439025
1226,0.024390243902439025
1227,0.024390243902439025
1228,0.024390243902439025
1229,0.024390243902439025
1230,0.024390243902439025
1231,0.024390243902439025
1232,0.024390243902439025
1233,0.024390243902439025
1234,0.024390243902439025
1235,0.024390243902439025
1236,0.024390243902439025
1237,0.024390243902439025
1238,0.024390243902439025
1239,0.024390243902439025
1240,0.024390243902439025
1241,0.024390243902439025
1242,0.024390243902439025
1243,0.024390243902439025
1244,0.024390243902439025
1245,0.024390243902439025
1246,0.024390243902439025
1247,0.024390243902439025
1248,0.024390243902439025
1249,0.024390243902439025
1250,0.024390243902439025
1251,0.024390243902439025
1252,0.024390243902439025
1253,0.024390243902439025
1254,0.024390243902439025
1255,0.024390243902439025
1256,0.024390243902439025
1257,0.024390243902439025
1258,0.024390243902439025
1259,0.024390243902439025
1260,0.024390243902439025
1261,0.024390243902439025
1262,0.024390243902439025
1263,0.024390243902439025
1264,0.024390243902439025
1265,0.024390243902439025
1266,0.024390243902439025
1267,0.024390243902439025
1268,0.024390243902439025
1269,0.024390243902439025
1270,0.024390243902439025
1271,0.024390243902439025
1272,0.024390243902439025
1273,0.024390243902439025
1274,0.024390243902439025
1275,0.024390243902439025
1276,0.024390243902439025
1277,0.024390243902439025
1278,0.024390243902439025
1279,0.024390243902439025
1280,0.024390243902439025
1281,0.024390243902439025
1282,0.024390243902439025
1283,0.024390243902439025
1284,0.024390243902439025
1285,0.024390243902439025
1286,0.024390243902439025
1287,0.024390243902439025
1288,0.024390243902439025
1289,0.024390243902439025
1290,0.024390243902439025
1291,0.024390243902439025
1292,0.024390243902439025
1293,0.024390243902439025
1294,0.024390243902439025
1295,0.024390243902439025
1296,0.024390243902439025
1297,0.024390243902439025
1298,0.024390243902439025
1299,0.024390243902439025
1300,0.024390243902439025
1301,0.024390243902439025
1302,0.024390243902439025
1303,0.024390243902439025
1304,0.024390243902439025
1305,0.024390243902439025
1306,0.024390243902439025
1307,0.024390243902439025
1308,0.024390243902439025
1309,0.024390243902439025
1310,0.024390243902439025
1311,0.024390243902439025
1312,0.024390243902439025
1313,0.024390243902439025
1314,0.024390243902439025
1315,0.024390243902439025
1316,0.024390243902439025
1317,0.024390243902439025
1318,0.024390243902439025
1319,0.024390243902439025
1320,0.024390243902439025
1321,0.024390243902439025
1322,0.024390243902439025
1323,0.024390243902439025
1324,0.024390243902439025
1325,0.024390243902439025
1326,0.024390243902439025
1327,0.024390243902439025
1328,0.024390243902439025
1329,0.024390243902439025
1330,0.024390243902439025
1331,0.024390243902439025
1332,0.024390243902439025
1333,0.024390243902439025
1334,0.024390243902439025
1335,0.024390243902439025
1336,0.024390243902439025
1337,0.024390243902439025
1338,0.024390243902439025
1339,0.024390243902439025
1340,0.024390243902439025
1341,0.024390243902439025
1342,0.024390243902439025
1343,0.024390243902439025
1344,0.024390243902439025
1345,0.024390243902439025
1346,0.024390243902439025
1347,0.024390243902439025
1348,0.024390243902439025
1349,0.024390243902439025
1350,0.024390243902439025
1351,0.024390243902439025
1352,0.024390243902439025
1353,0.024390243902439025
1354,0.024390243902439025
1355,0.024390243902439025
1356,0.024390243902439025
1357,0.024390243902439025
1358,0.024390243902439025
1359,0.024390243902439025
1360,0.024390243902439025
1361,0.024390243902439025
1362,0.024390243902439025
1363,0.024390243902439025
1364,0.024390243902439025
1365,0.024390243902439025
1366,0.024390243902439025
1367,0.024390243902439025
1368,0.024390243902439025
1369,0.024390243902439025
1370,0.024390243902439025
1371,0.024390243902439025
1372,0.024390243902439025
1373,0.024390243902439025
1374,0.024390243902439025
1375,0.024390243902439025
1376,0.024390243902439025
1377,0.024390243902439025
1378,0.024390243902439025
1379,0.024390243902439025
1380,0.024390243902439025
1381,0.024390243902439025
1382,0.024390243902439025
1383,0.024390243902439025
1384,0.024390243902439025
1385,0.024390243902439025
1386,0.024390243902439025
1387,0.024390243902439025
1388,0.024390243902439025
1389,0.024390243902439025
1390,0.024390243902439025
1391,0.024390243902439025
1392,0.024390243902439025
1393,0.024390243902439025
1394,0.024390243902439025
1395,0.024390243902439025
1396,0.024390243902439025
1397,0.024390243902439025
1398,0.024390243902439025
1399,0.024390243902439025
1400,0.024390243902439025
1401,0.024390243902439025
1402,0.024390243902439025
1403,0.024390243902439025
1404,0.024390243902439025
1405,0.024390243902439025
1406,0.024390243902439025
1407,0.024390243902439025
1408,0.024390243902439025
1409,0.024390243902439025
1410,0.024390243902439025
1411,0.024390243902439025
1412,0.024390243902439025
1413,0.024390243902439025
1414,0.024390243902439025
1415,0.024390243902439025
1416,0.024390243902439025
1417,0.024390243902439025
1418,0.024390243902439025
1419,0.024390243902439025
1420,0.024390243902439025
1421,0.024390243902439025
1422,0.024390243902439025
1423,0.024390243902439025
1424,0.024390243902439025
1425,0.024390243902439025
1426,0.024390243902439025
1427,0.024390243902439025
1428,0.024390243902439025
1429,0.024390243902439025
1430,0.024390243902439025
1431,0.024390243902439025
1432,0.024390243902439025
1433,0.024390243902439025
1434,0.024390243902439025
1435,0.024390243902439025
1436,0.024390243902439025
1437,0.024390243902439025
1438,0.024390243902439025
1439,0.024390243902439025
1440,0.024390243902439025
1441,0.024390243902439025
1442,0.024390243902439025
1443,0.024390243902439025
1444,0.024390243902439025
1445,0.024390243902439025
1446,0.024390243902439025
1447,0.024390243902439025
1448,0.024390243902439025
1449,0.024390243902439025
1450,0.024390243902439025
1451,0.024390243902439025
1452,0.024390243902439025
1453,0.024390243902439025
1454,0.024390243902439025
1455,0.024390243902439025
1456,0.024390243902439025
1457,0.024390243902439025
1458,0.024390243902439025
1459,0.024390243902439025
1460,0.024390243902439025
1461,0.024390243902439025
1462,0.024390243902439025
1463,0.024390243902439025
1464,0.024390243902439025
1465,0.024390243902439025
1466,0.024390243902439025
1467,0.024390243902439025
1468,0.024390243902439025
1469,0.024390243902439025
1470,0.024390243902439025
1471,0.024390243902439025
1472,0.024390243902439025
1473,0.024390243902439025
1474,0.024390243902439025
1475,0.024390243902439025
1476,0.024390243902439025
1477,0.024390243902439025
1478,0.024390243902439025
1479,0.024390243902439025
1480,0.024390243902439025
1481,0.024390243902439025
1482,0.024390243902439025
1483,0.024390243902439025
1484,0.024390243902439025
1485,0.024390243902439025
1486,0.024390243902439025
1487,0.024390243902439025
1488,0.024390243902439025
1489,0.024390243902439025
1490,0.024390243902439025
1491,0.024390243902439025
1492,0.024390243902439025
1493,0.024390243902439025
1494,0.024390243902439025
1495,0.024390243902439025
1496,0.024390243902439025
1497,0.024390243902439025
1498,0.024390243902439025
1499,0.024390243902439025
1500,0.024390243902439025
1501,0.024390243902439025
1502,0.024390243902439025
1503,0.024390243902439025
1504,0.024390243902439025
1505,0.024390243902439025
1506,0.024390243902439025
1507,0.024390243902439025
1508,0.024390243902439025
1509,0.024390243902439025
1510,0.024390243902439025
1511,0.024390243902439025
1512,0.024390243902439025
1513,0.024390243902439025
1514,0.024390243902439025
1515,0.024390243902439025
1516,0.024390243902439025
1517,0.024390243902439025
1518,0.024390243902439025
1519,0.024390243902439025
1520,0.024390243902439025
1521,0.024390243902439025
1522,0.024390243902439025
1523,0.024390243902439025
1524,0.024390243902439025
1525,0.024390243902439025
1526,0.024390243902439025
1527,0.024390243902439025
1528,0.024390243902439025
1529,0.024390243902439025
1530,0.024390243902439025
1531,0.024390243902439025
1532,0.024390243902439025
1533,0.024390243902439025
1534,0.024390243902439025
1535,0.024390243902439025
1536,0.024390243902439025
1537,0.024390243902439025
1538,0.024390243902439025
1539,0.024390243902439025
1540,0.024390243902439025
1541,0.024390243902439025
1542,0.024390243902439025
1543,0.024390243902439025
1544,0.024390243902439025
1545,0.024390243902439025
1546,0.024390243902439025
1547,0.024390243902439025
1548,0.024390243902439025
1549,0.024390243902439025
1550,0.024390243902439025
1551,0.024390243902439025
1552,0.024390243902439025
1553,0.024390243902439025
1554,0.024390243902439025
1555,0.024390243902439025
1556,0.024390243902439025
1557,0.024390243902439025
1558,0.024390243902439025
1559,0.024390243902439025
1560,0.024390243902439025
1561,0.024390243902439025
1562,0.024390243902439025
1563,0.024390243902439025
1564,0.024390243902439025
1565,0.024390243902439025
1566,0.024390243902439025
1567,0.024390243902439025
1568,0.024390243902439025
1569,0.024390243902439025
1570,0.024390243902439025
1571,0.024390243902439025
1572,0.024390243902439025
1573,0.024390243902439025
1574,0.024390243902439025
1575,0.024390243902439025
1576,0.024390243902439025
1577,0.024390243902439025
1578,0.024390243902439025
1579,0.024390243902439025
1580,0.024390243902439025
1581,0.024390243902439025
1582,0.024390243902439025
1583,0.024390243902439025
1584,0.024390243902439025
1585,0.024390243902439025
1586,0.024390243902439025
1587,0.024390243902439025
1588,0.024390243902439025
1589,0.024390243902439025
1590,0.024390243902439025
1591,0.024390243902439025
1592,0.024390243902439025
1593,0.024390243902439025
1594,0.024390243902439025
1595,0.024390243902439025
1596,0.024390243902439025
1597,0.024390243902439025
1598,0.024390243902439025
1599,0.024390243902439025
1600,0.024390243902439025
1601,0.024390243902439025
1602,0.024390243902439025
1603,0.024390243902439025
1604,0.024390243902439025
1605,0.024390243902439025
1606,0.024390243902439025
1607,0.024390243902439025
1608,0.024390243902439025
1609,0.024390243902439025
1610,0.024390243902439025
1611,0.024390243902439025
1612,0.024390243902439025
1613,0.024390243902439025
1614,0.024390243902439025
1615,0.024390243902439025
1616,0.024390243902439025
1617,0.024390243902439025
1618,0.024390243902439025
1619,0.024390243902439025
1620,0.024390243902439025
1621,0.024390243902439025
1622,0.024390243902439025
1623,0.024390243902439025
1624,0.024390243902439025
1625,0.024390243902439025
1626,0.024390243902439025
1627,0.024390243902439025
1628,0.024390243902439025
1629,0.024390243902439025
1630,0.024390243902439025
1631,0.024390243902439025
1632,0.024390243902439025
1633,0.024390243902439025
1634,0.024390243902439025
1635,0.024390243902439025
1636,0.024390243902439025
1637,0.024390243902439025
1638,0.024390243902439025
1639,0.024390243902439025
1640,0.024390243902439025
1641,0.024390243902439025
1642,0.024390243902439025
1643,0.024390243902439025
1644,0.024390243902439025
1645,0.024390243902439025
1646,0.024390243902439025
1647,0.024390243902439025
1648,0.024390243902439025
1649,0.024390243902439025
1650,0.024390243902439025
1651,0.024390243902439025
1652,0.024390243902439025
1653,0.024390243902439025
1654,0.024390243902439025
1655,0.024390243902439025
1656,0.024390243902439025
1657,0.024390243902439025
1658,0.024390243902439025
1659,0.024390243902439025
1660,0.024390243902439025
1661,0.024390243902439025
1662,0.024390243902439025
1663,0.024390243902439025
1664,0.024390243902439025
1665,0.024390243902439025
1666,0.024390243902439025
1667,0.024390243902439025
1668,0.024390243902439025
1669,0.024390243902439025
1670,0.024390243902439025
1671,0.024390243902439025
1672,0.024390243902439025
1673,0.024390243902439025
1674,0.024390243902439025
1675,0.024390243902439025
1676,0.024390243902439025
1677,0.024390243902439025
1678,0.024390243902439025
1679,0.024390243902439025
1680,0.024390243902439025
1681,0.024390243902439025
1682,0.024390243902439025
1683,0.024390243902439025
1684,0.024390243902439025
1685,0.024390243902439025
1686,0.024390243902439025
1687,0.024390243902439025
1688,0.024390243902439025
1689,0.024390243902439025
1690,0.024390243902439025
1691,0.024390243902439025
1692,0.024390243902439025
1693,0.024390243902439025
1694,0.024390243902439025
1695,0.024390243902439025
1696,0.024390243902439025
1697,0.024390243902439025
1698,0.024390243902439025
1699,0.024390243902439025
1700,0.024390243902439025
1701,0.024390243902439025
1702,0.024390243902439025
1703,0.024390243902439025
1704,0.024390243902439025
1705,0.024390243902439025
1706,0.024390243902439025
1707,0.024390243902439025
1708,0.024390243902439025
1709,0.024390243902439025
1710,0.024390243902439025
1711,0.024390243902439025
1712,0.024390243902439025
1713,0.024390243902439025
1714,0.024390243902439025
1715,0.024390243902439025
1716,0.024390243902439025
1717,0.024390243902439025
1718,0.024390243902439025
1719,0.024390243902439025
1720,0.024390243902439025
1721,0.024390243902439025
1722,0.024390243902439025
1723,0.024390243902439025
1724,0.024390243902439025
1725,0.024390243902439025
1726,0.024390243902439025
1727,0.024390243902439025
1728,0.024390243902439025
1729,0.024390243902439025
1730,0.024390243902439025
1731,0.024390243902439025
1732,0.024390243902439025
1733,0.024390243902439025
1734,0.024390243902439025
1735,0.024390243902439025
1736,0.024390243902439025
1737,0.024390243902439025
1738,0.024390243902439025
1739,0.024390243902439025
1740,0.024390243902439025
1741,0.024390243902439025
1742,0.024390243902439025
1743,0.024390243902439025
1744,0.024390243902439025
1745,0.024390243902439025
1746,0.024390243902439025
1747,0.024390243902439025
1748,0.03225806451612903
1749,0.03225806451612903
1750,0.03225806451612903
1751,0.03225806451612903
1752,0.03225806451612903
1753,0.03225806451612903
1754,0.03225806451612903
1755,0.03225806451612903
1756,0.03225806451612903
1757,0.03225806451612903
1758,0.03225806451612903
1759,0.03225806451612903
1760,0.03225806451612903
1761,0.03225806451612903
1762,0.03225806451612903
1763,0.03225806451612903
1764,0.03225806451612903
1765,0.03225806451612903
1766,0.03225806451612903
1767,0.03225806451612903
1768,0.03225806451612903
1769,0.03225806451612903
1770,0.03225806451612903
1771,0.03225806451612903
1772,0.03225806451612903
1773,0.03225806451612903
1774,0.03225806451612903
1775,0.03225806451612903
1776,0.03225806451612903
1777,0.03225806451612903
1778,0.03225806451612903
1779,0.03225806451612903
1780,0.03225806451612903
1781,0.03225806451612903
1782,0.03225806451612903
1783,0.03225806451612903
1784,0.03225806451612903
1785,0.03225806451612903
1786,0.03225806451612903
1787,0.03225806451612903
1788,0.03225806451612903
1789,0.03225806451612903
1790,0.03225806451612903
1791,0.03225806451612903
1792,0.03225806451612903
1793,0.03225806451612903
1794,0.03225806451612903
1795,0.03225806451612903
1796,0.03225806451612903
1797,0.03225806451612903
1798,0.03225806451612903
1799,0.03225806451612903
1800,0.03225806451612903
1801,0.03225806451612903
1802,0.03225806451612903
1803,0.03225806451612903
1804,0.03225806451612903
1805,0.03225806451612903
1806,0.03225806451612903
1807,0.03225806451612903
1808,0.03225806451612903
1809,0.03225806451612903
1810,0.03225806451612903
1811,0.03225806451612903
1812,0.03225806451612903
1813,0.03225806451612903
1814,0.03225806451612903
1815,0.03225806451612903
1816,0.03225806451612903
1817,0.03225806451612903
1818,0.03225806451612903
1819,0.03225806451612903
1820,0.03225806451612903
1821,0.03225806451612903
1822,0.03225806451612903
1823,0.03225806451612903
1824,0.03225806451612903
1825,0.03225806451612903
1826,0.03225806451612903
1827,0.03225806451612903
1828,0.03225806451612903
1829,0.03225806451612903
1830,0.03225806451612903
1831,0.03225806451612903
1832,0.03225806451612903
1833,0.03225806451612903
1834,0.03225806451612903
1835,0.03225806451612903
1836,0.03225806451612903
1837,0.03225806451612903
1838,0.03225806451612903
1839,0.03225806451612903
1840,0.03225806451612903
1841,0.03225806451612903
1842,0.03225806451612903
1843,0.03225806451612903
1844,0.03225806451612903
1845,0.03225806451612903
1846,0.03225806451612903
1847,0.03225806451612903
1848,0.03225806451612903
1849,0.03225806451612903
1850,0.03225806451612903
1851,0.03225806451612903
1852,0.03225806451612903
1853,0.03225806451612903
1854,0.03225806451612903
1855,0.03225806451612903
1856,0.03225806451612903
1857,0.03225806451612903
1858,0.03225806451612903
1859,0.03225806451612903
1860,0.03225806451612903
1861,0.03225806451612903
1862,0.03225806451612903
1863,0.03225806451612903
1864,0.03225806451612903
1865,0.03225806451612903
1866,0.03225806451612903
1867,0.03225806451612903
1868,0.03225806451612903
1869,0.03225806451612903
1870,0.03225806451612903
1871,0.03225806451612903
1872,0.03225806451612903
1873,0.03225806451612903
1874,0.03225806451612903
1875,0.03225806451612903
1876,0.03225806451612903
1877,0.03225806451612903
1878,0.03225806451612903
1879,0.03225806451612903
1880,0.03225806451612903
1881,0.03225806451612903
1882,0.03225806451612903
1883,0.03225806451612903
1884,0.03225806451612903
1885,0.03225806451612903
1886,0.03225806451612903
1887,0.03225806451612903
1888,0.03225806451612903
1889,0.03225806451612903
1890,0.03225806451612903
1891,0.03225806451612903
1892,0.03225806451612903
1893,0.03225806451612903
1894,0.03225806451612903
1895,0.03225806451612903
1896,0.03225806451612903
1897,0.03225806451612903
1898,0.03225806451612903
1899,0.03225806451612903
1900,0.03225806451612903
1901,0.03225806451612903
1902,0.03225806451612903
1903,0.03225806451612903
1904,0.03225806451612903
1905,0.03225806451612903
1906,0.03225806451612903
1907,0.03225806451612903
1908,0.03225806451612903
1909,0.03225806451612903
1910,0.03225806451612903
1911,0.03225806451612903
1912,0.03225806451612903
1913,0.03225806451612903
1914,0.03225806451612903
1915,0.03225806451612903
1916,0.03225806451612903
1917,0.03225806451612903
1918,0.03225806451612903
1919,0.03225806451612903
1920,0.03225806451612903
1921,0.03225806451612903
1922,0.03225806451612903
1923,0.03225806451612903
1924,0.03225806451612903
1925,0.03225806451612903
1926,0.03225806451612903
1927,0.03225806451612903
1928,0.03225806451612903
1929,0.03225806451612903
1930,0.03225806451612903
1931,0.03225806451612903
1932,0.03225806451612903
1933,0.03225806451612903
1934,0.03225806451612903
1935,0.03225806451612903
1936,0.03225806451612903
1937,0.03225806451612903
1938,0.03225806451612903
1939,0.03225806451612903
1940,0.03225806451612903
1941,0.03225806451612903
1942,0.03225806451612903
1943,0.03225806451612903
1944,0.03225806451612903
1945,0.03225806451612903
1946,0.03225806451612903
1947,0.03225806451612903
1948,0.03225806451612903
1949,0.03225806451612903
1950,0.03225806451612903
1951,0.03225806451612903
1952,0.03225806451612903
1953,0.03225806451612903
1954,0.03225806451612903
1955,0.03225806451612903
1956,0.03225806451612903
1957,0.03225806451612903
1958,0.03225806451612903
1959,0.03225806451612903
1960,0.03225806451612903
1961,0.03225806451612903
1962,0.03225806451612903
1963,0.03225806451612903
1964,0.03225806451612903
1965,0.03225806451612903
1966,0.03225806451612903
1967,0.03225806451612903
1968,0.03225806451612903
1969,0.03225806451612903
1970,0.03225806451612903
1971,0.03225806451612903
1972,0.03225806451612903
1973,0.03225806451612903
1974,0.03225806451612903
1975,0.03225806451612903
1976,0.03225806451612903
1977,0.03225806451612903
1978,0.03225806451612903
1979,0.03225806451612903
1980,0.03225806451612903
1981,0.03225806451612903
1982,0.03225806451612903
1983,0.03225806451612903
1984,0.03225806451612903
1985,0.03225806451612903
1986,0.03225806451612903
1987,0.03225806451612903
1988,0.03225806451612903
1989,0.03225806451612903
1990,0.03225806451612903
1991,0.03225806451612903
1992,0.03225806451612903
1993,0.03225806451612903
1994,0.03225806451612903
1995,0.03225806451612903
1996,0.03225806451612903
1997,0.03225806451612903
1998,0.03225806451612903
1999,0.03225806451612903
2000,0.03225806451612903
2001,0.03225806451612903
2002,0.03225806451612903
2003,0.03225806451612903
2004,0.03225806451612903
2005,0.03225806451612903
2006,0.03225806451612903
2007,0.03225806451612903
2008,0.03225806451612903
2009,0.03225806451612903
2010,0.03225806451612903
2011,0.03225806451612903
2012,0.03225806451612903
2013,0.03225806451612903
2014,0.03225806451612903
2015,0.03225806451612903
2016,0.03225806451612903
2017,0.03225806451612903
2018,0.03225806451612903
2019,0.03225806451612903
2020,0.03225806451612903
2021,0.03225806451612903
2022,0.03225806451612903
2023,0.03225806451612903
2024,0.03225806451612903
2025,0.03225806451612903
2026,0.03225806451612903
2027,0.03225806451612903
2028,0.03225806451612903
2029,0.03225806451612903
2030,0.03225806451612903
2031,0.03225806451612903
2032,0.03225806451612903
2033,0.03225806451612903
2034,0.03225806451612903
2035,0.03225806451612903
2036,0.03225806451612903
2037,0.03225806451612903
2038,0.03225806451612903
2039,0.03225806451612903
2040,0.03225806451612903
2041,0.03225806451612903
2042,0.03225806451612903
2043,0.03225806451612903
2044,0.03225806451612903
2045,0.03225806451612903
2046,0.03225806451612903
2047,0.03225806451612903
2048,0.03225806451612903
2049,0.03225806451612903
2050,0.03225806451612903
2051,0.03225806451612903
2052,0.03225806451612903
2053,0.03225806451612903
2054,0.03225806451612903
2055,0.03225806451612903
2056,0.03225806451612903
2057,0.03225806451612903
2058,0.03225806451612903
2059,0.03225806451612903
2060,0.03225806451612903
2061,0.03225806451612903
2062,0.03225806451612903
2063,0.03225806451612903
2064,0.03225806451612903
2065,0.03225806451612903
2066,0.03225806451612903
2067,0.03225806451612903
2068,0.03225806451612903
2069,0.03225806451612903
2070,0.03225806451612903
2071,0.03225806451612903
2072,0.03225806451612903
2073,0.03225806451612903
2074,0.03225806451612903
2075,0.03225806451612903
2076,0.03225806451612903
2077,0.03225806451612903
2078,0.03225806451612903
2079,0.03225806451612903
2080,0.03225806451612903
2081,0.03225806451612903
2082,0.03225806451612903
2083,0.03225806451612903
2084,0.03225806451612903
2085,0.03225806451612903
2086,0.03225806451612903
2087,0.03225806451612903
2088,0.03225806451612903
2089,0.03225806451612903
2090,0.03225806451612903
2091,0.03225806451612903
2092,0.03225806451612903
2093,0.03225806451612903
2094,0.03225806451612903
2095,0.03225806451612903
2096,0.03225806451612903
2097,0.03225806451612903
2098,0.03225806451612903
2099,0.03225806451612903
2100,0.03225806451612903
2101,0.03225806451612903
2102,0.03225806451612903
2103,0.03225806451612903
2104,0.03225806451612903
2105,0.03225806451612903
2106,0.03225806451612903
2107,0.03225806451612903
2108,0.03225806451612903
2109,0.03225806451612903
2110,0.03225806451612903
2111,0.03225806451612903
2112,0.03225806451612903
2113,0.03225806451612903
2114,0.03225806451612903
2115,0.03225806451612903
2116,0.03225806451612903
2117,0.03225806451612903
2118,0.03225806451612903
2119,0.03225806451612903
2120,0.03225806451612903
2121,0.03225806451612903
2122,0.03225806451612903
2123,0.03225806451612903
2124,0.03225806451612903
2125,0.03225806451612903
2126,0.03225806451612903
2127,0.03225806451612903
2128,0.03225806451612903
2129,0.03225806451612903
2130,0.03225806451612903
2131,0.03225806451612903
2132,0.03225806451612903
2133,0.03225806451612903
2134,0.03225806451612903
2135,0.03225806451612903
2136,0.03225806451612903
2137,0.03225806451612903
2138,0.03225806451612903
2139,0.03225806451612903
2140,0.03225806451612903
2141,0.03225806451612903
2142,0.03225806451612903
2143,0.03225806451612903
2144,0.03225806451612903
2145,0.03225806451612903
2146,0.03225806451612903
2147,0.03225806451612903
2148,0.03225806451612903
2149,0.03225806451612903
2150,0.03225806451612903
2151,0.03225806451612903
2152,0.03225806451612903
2153,0.03225806451612903
2154,0.03225806451612903
2155,0.03225806451612903
2156,0.03225806451612903
2157,0.03225806451612903
2158,0.03225806451612903
2159,0.03225806451612903
2160,0.03225806451612903
2161,0.03225806451612903
2162,0.03225806451612903
2163,0.03225806451612903
2164,0.03225806451612903
2165,0.03225806451612903
2166,0.03225806451612903
2167,0.03225806451612903
2168,0.03225806451612903
2169,0.03225806451612903
2170,0.03225806451612903
2171,0.03225806451612903
2172,0.03225806451612903
2173,0.03225806451612903
2174,0.03225806451612903
2175,0.03225806451612903
2176,0.03225806451612903
2177,0.03225806451612903
2178,0.03225806451612903
2179,0.03225806451612903
2180,0.03225806451612903
2181,0.03225806451612903
2182,0.03225806451612903
2183,0.03225806451612903
2184,0.03225806451612903
2185,0.03225806451612903
2186,0.03225806451612903
2187,0.03225806451612903
2188,0.03225806451612903
2189,0.03225806451612903
2190,0.03225806451612903
2191,0.03225806451612903
2192,0.03225806451612903
2193,0.03225806451612903
2194,0.03225806451612903
2195,0.03225806451612903
2196,0.03225806451612903
2197,0.03225806451612903
2198,0.03225806451612903
2199,0.03225806451612903
2200,0.03225806451612903
2201,0.03225806451612903
2202,0.03225806451612903
2203,0.03225806451612903
2204,0.03225806451612903
2205,0.03225806451612903
2206,0.03225806451612903
2207,0.03225806451612903
2208,0.03225806451612903
2209,0.03225806451612903
2210,0.03225806451612903
2211,0.03225806451612903
2212,0.03225806451612903
2213,0.03225806451612903
2214,0.03225806451612903
2215,0.03225806451612903
2216,0.03225806451612903
2217,0.03225806451612903
2218,0.03225806451612903
2219,0.03225806451612903
2220,0.03225806451612903
2221,0.03225806451612903
2222,0.03225806451612903
2223,0.03225806451612903
2224,0.03225806451612903
2225,0.03225806451612903
2226,0.03225806451612903
2227,0.03225806451612903
2228,0.03225806451612903
2229,0.03225806451612903
2230,0.03225806451612903
2231,0.03225806451612903
2232,0.03225806451612903
2233,0.03225806451612903
2234,0.03225806451612903
2235,0.03225806451612903
2236,0.03225806451612903
2237,0.03225806451612903
2238,0.03225806451612903
2239,0.03225806451612903
2240,0.03225806451612903
2241,0.03225806451612903
2242,0.03225806451612903
2243,0.03225806451612903
2244,0.03225806451612903
2245,0.03225806451612903
2246,0.03225806451612903
2247,0.03225806451612903
2248,0.03225806451612903
2249,0.03225806451612903
2250,0.03225806451612903
2251,0.03225806451612903
2252,0.03225806451612903
2253,0.03225806451612903
2254,0.03225806451612903
2255,0.03225806451612903
2256,0.03225806451612903
2257,0.03225806451612903
2258,0.03225806451612903
2259,0.03225806451612903
2260,0.03225806451612903
2261,0.03225806451612903
2262,0.03225806451612903
2263,0.03225806451612903
2264,0.03225806451612903
2265,0.03225806451612903
2266,0.03225806451612903
2267,0.03225806451612903
2268,0.03225806451612903
2269,0.03225806451612903
2270,0.03225806451612903
2271,0.03225806451612903
2272,0.03225806451612903
2273,0.03225806451612903
2274,0.03225806451612903
2275,0.03225806451612903
2276,0.03225806451612903
2277,0.03225806451612903
2278,0.03225806451612903
2279,0.03225806451612903
2280,0.03225806451612903
2281,0.03225806451612903
2282,0.03225806451612903
2283,0.03225806451612903
2284,0.03225806451612903
2285,0.03225806451612903
2286,0.03225806451612903
2287,0.03225806451612903
2288,0.03225806451612903
2289,0.03225806451612903
2290,0.03225806451612903
2291,0.03225806451612903
2292,0.03225806451612903
2293,0.03225806451612903
2294,0.03225806451612903
2295,0.03225806451612903
2296,0.03225806451612903
2297,0.03225806451612903
2298,0.03225806451612903
2299,0.03225806451612903
2300,0.03225806451612903
2301,0.03225806451612903
2302,0.03225806451612903
2303,0.03225806451612903
2304,0.03225806451612903
2305,0.03225806451612903
2306,0.03225806451612903
2307,0.03225806451612903
2308,0.03225806451612903
2309,0.03225806451612903
2310,0.03225806451612903
2311,0.03225806451612903
2312,0.03225806451612903
2313,0.03225806451612903
2314,0.03225806451612903
2315,0.03225806451612903
2316,0.03225806451612903
2317,0.03225806451612903
2318,0.03225806451612903
2319,0.03225806451612903
2320,0.03225806451612903
2321,0.03225806451612903
2322,0.03225806451612903
2323,0.03225806451612903
2324,0.03225806451612903
2325,0.03225806451612903
2326,0.03225806451612903
2327,0.03225806451612903
2328,0.03225806451612903
2329,0.03225806451612903
2330,0.03225806451612903
2331,0.03225806451612903
2332,0.03225806451612903
2333,0.03225806451612903
2334,0.03225806451612903
2335,0.03225806451612903
2336,0.03225806451612903
2337,0.03225806451612903
2338,0.03225806451612903
2339,0.03225806451612903
2340,0.03225806451612903
2341,0.03225806451612903
2342,0.03225806451612903
2343,0.03225806451612903
2344,0.03225806451612903
2345,0.03225806451612903
2346,0.03225806451612903
2347,0.03225806451612903
2348,0.03225806451612903
2349,0.03225806451612903
2350,0.03225806451612903
2351,0.03225806451612903
2352,0.03225806451612903
2353,0.03225806451612903
2354,0.03225806451612903
2355,0.03225806451612903
2356,0.03225806451612903
2357,0.03225806451612903
2358,0.03225806451612903
2359,0.03225806451612903
2360,0.03225806451612903
2361,0.03225806451612903
2362,0.03225806451612903
2363,0.03225806451612903
2364,0.03225806451612903
2365,0.03225806451612903
2366,0.03225806451612903
2367,0.03225806451612903
2368,0.03225806451612903
2369,0.03225806451612903
2370,0.03225806451612903
2371,0.03225806451612903
2372,0.03225806451612903
2373,0.03225806451612903
2374,0.03225806451612903
2375,0.03225806451612903
2376,0.03225806451612903
2377,0.03225806451612903
2378,0.03225806451612903
2379,0.03225806451612903
2380,0.03225806451612903
2381,0.03225806451612903
2382,0.03225806451612903
2383,0.03225806451612903
2384,0.03225806451612903
2385,0.03225806451612903
2386,0.03225806451612903
2387,0.03225806451612903
2388,0.03225806451612903
2389,0.03225806451612903
2390,0.03225806451612903
2391,0.03225806451612903
2392,0.03225806451612903
2393,0.03225806451612903
2394,0.03225806451612903
2395,0.03225806451612903
2396,0.03225806451612903
2397,0.03225806451612903
2398,0.03225806451612903
2399,0.03225806451612903
2400,0.03225806451612903
2401,0.03225806451612903
2402,0.03225806451612903
2403,0.03225806451612903
2404,0.03225806451612903
2405,0.03225806451612903
2406,0.03225806451612903
2407,0.03225806451612903
2408,0.03225806451612903
2409,0.03225806451612903
2410,0.03225806451612903
2411,0.03225806451612903
2412,0.03225806451612903
2413,0.03225806451612903
2414,0.03225806451612903
2415,0.03225806451612903
2416,0.03225806451612903
2417,0.03225806451612903
2418,0.03225806451612903
2419,0.03225806451612903
2420,0.03225806451612903
2421,0.03225806451612903
2422,0.03225806451612903
2423,0.03225806451612903
2424,0.03225806451612903
2425,0.03225806451612903
2426,0.03225806451612903
2427,0.03225806451612903
2428,0.03225806451612903
2429,0.03225806451612903
2430,0.03225806451612903
2431,0.03225806451612903
2432,0.03225806451612903
2433,0.03225806451612903
2434,0.03225806451612903
2435,0.03225806451612903
2436,0.03225806451612903
2437,0.03225806451612903
2438,0.03225806451612903
2439,0.03225806451612903
2440,0.03225806451612903
2441,0.03225806451612903
2442,0.03225806451612903
2443,0.03225806451612903
2444,0.03225806451612903
2445,0.03225806451612903
2446,0.03225806451612903
2447,0.03225806451612903
2448,0.03225806451612903
2449,0.03225806451612903
2450,0.03225806451612903
2451,0.03225806451612903
2452,0.03225806451612903
2453,0.03225806451612903
2454,0.03225806451612903
2455,0.03225806451612903
2456,0.03225806451612903
2457,0.03225806451612903
2458,0.03225806451612903
2459,0.03225806451612903
2460,0.03225806451612903
2461,0.03225806451612903
2462,0.03225806451612903
2463,0.03225806451612903
2464,0.03225806451612903
2465,0.03225806451612903
2466,0.03225806451612903
2467,0.03225806451612903
2468,0.03225806451612903
2469,0.03225806451612903
2470,0.03225806451612903
2471,0.03225806451612903
2472,0.03225806451612903
2473,0.03225806451612903
2474,0.03225806451612903
2475,0.03225806451612903
2476,0.03225806451612903
2477,0.03225806451612903
2478,0.03225806451612903
2479,0.03225806451612903
2480,0.03225806451612903
2481,0.03225806451612903
2482,0.03225806451612903
2483,0.03225806451612903
2484,0.03225806451612903
2485,0.03225806451612903
2486,0.03225806451612903
2487,0.03225806451612903
2488,0.03225806451612903
2489,0.03225806451612903
2490,0.03225806451612903
2491,0.03225806451612903
2492,0.03225806451612903
2493,0.03225806451612903
2494,0.03225806451612903
2495,0.03225806451612903
2496,0.03225806451612903
2497,0.03225806451612903
2498,0.03225806451612903
2499,0.03225806451612903
2500,0.03225806451612903
2501,0.03225806451612903
2502,0.03225806451612903
2503,0.03225806451612903
2504,0.03225806451612903
2505,0.03225806451612903
2506,0.03225806451612903
2507,0.03225806451612903
2508,0.03225806451612903
2509,0.03225806451612903
2510,0.03225806451612903
2511,0.03225806451612903
2512,0.03225806451612903
2513,0.03225806451612903
2514,0.03225806451612903
2515,0.03225806451612903
2516,0.03225806451612903
2517,0.03225806451612903
2518,0.03225806451612903
2519,0.03225806451612903
2520,0.03225806451612903
2521,0.03225806451612903
2522,0.03225806451612903
2523,0.03225806451612903
2524,0.03225806451612903
2525,0.03225806451612903
2526,0.03225806451612903
2527,0.03225806451612903
2528,0.03225806451612903
2529,0.03225806451612903
2530,0.03225806451612903
2531,0.03225806451612903
2532,0.03225806451612903
2533,0.03225806451612903
2534,0.03225806451612903
2535,0.03225806451612903
2536,0.03225806451612903
2537,0.03225806451612903
2538,0.03225806451612903
2539,0.03225806451612903
2540,0.03225806451612903
2541,0.03225806451612903
2542,0.03225806451612903
2543,0.03225806451612903
2544,0.03225806451612903
2545,0.03225806451612903
2546,0.03225806451612903
2547,0.03225806451612903
2548,0.03225806451612903
2549,0.03225806451612903
2550,0.03225806451612903
2551,0.03225806451612903
2552,0.03225806451612903
2553,0.03225806451612903
2554,0.03225806451612903
2555,0.03225806451612903
2556,0.03225806451612903
2557,0.03225806451612903
2558,0.03225806451612903
2559,0.03225806451612903
2560,0.03225806451612903
2561,0.03225806451612903
2562,0.03225806451612903
2563,0.03225806451612903
2564,0.03225806451612903
2565,0.03225806451612903
2566,0.03225806451612903
2567,0.03225806451612903
2568,0.03225806451612903
2569,0.03225806451612903
2570,0.03225806451612903
2571,0.03225806451612903
2572,0.03225806451612903
2573,0.03225806451612903
2574,0.03225806451612903
2575,0.03225806451612903
2576,0.03225806451612903
2577,0.03225806451612903
2578,0.03225806451612903
2579,0.03225806451612903
2580,0.03225806451612903
2581,0.03225806451612903
2582,0.03225806451612903
2583,0.03225806451612903
2584,0.03225806451612903
2585,0.03225806451612903
2586,0.03225806451612903
2587,0.03225806451612903
2588,0.03225806451612903
2589,0.03225806451612903
2590,0.03225806451612903
2591,0.03225806451612903
2592,0.03225806451612903
2593,0.03225806451612903
2594,0.03225806451612903
2595,0.03225806451612903
2596,0.03225806451612903
2597,0.03225806451612903
2598,0.03225806451612903
2599,0.03225806451612903
2600,0.03225806451612903
2601,0.03225806451612903
2602,0.03225806451612903
2603,0.03225806451612903
2604,0.03225806451612903
2605,0.03225806451612903
2606,0.03225806451612903
2607,0.03225806451612903
2608,0.03225806451612903
2609,0.03225806451612903
2610,0.03225806451612903
2611,0.03225806451612903
2612,0.03225806451612903
2613,0.03225806451612903
2614,0.03225806451612903
2615,0.03225806451612903
2616,0.03225806451612903
2617,0.03225806451612903
2618,0.03225806451612903
2619,0.03225806451612903
2620,0.03225806451612903
2621,0.03225806451612903
2622,0.03225806451612903
2623,0.03225806451612903
2624,0.03225806451612903
2625,0.03225806451612903
2626,0.03225806451612903
2627,0.03225806451612903
2628,0.03225806451612903
2629,0.03225806451612903
2630,0.03225806451612903
2631,0.03225806451612903
2632,0.03225806451612903
2633,0.03225806451612903
2634,0.03225806451612903
2635,0.03225806451612903
2636,0.03225806451612903
2637,0.03225806451612903
2638,0.03225806451612903
2639,0.03225806451612903
2640,0.03225806451612903
2641,0.03225806451612903
2642,0.03225806451612903
2643,0.03225806451612903
2644,0.03225806451612903
2645,0.03225806451612903
2646,0.03225806451612903
2647,0.03225806451612903
2648,0.03225806451612903
2649,0.03225806451612903
2650,0.03225806451612903
2651,0.03225806451612903
2652,0.03225806451612903
2653,0.03225806451612903
2654,0.03225806451612903
2655,0.03225806451612903
2656,0.03225806451612903
2657,0.03225806451612903
2658,0.03225806451612903
2659,0.03225806451612903
2660,0.03225806451612903
2661,0.03225806451612903
2662,0.03225806451612903
2663,0.03225806451612903
2664,0.03225806451612903
2665,0.03225806451612903
2666,0.03225806451612903
2667,0.03225806451612903
2668,0.03225806451612903
2669,0.03225806451612903
2670,0.03225806451612903
2671,0.03225806451612903
2672,0.03225806451612903
2673,0.03225806451612903
2674,0.03225806451612903
2675,0.03225806451612903
2676,0.03225806451612903
2677,0.03225806451612903
2678,0.03225806451612903
2679,0.03225806451612903
2680,0.03225806451612903
2681,0.03225806451612903
2682,0.03225806451612903
2683,0.03225806451612903
2684,0.03225806451612903
2685,0.03225806451612903
2686,0.03225806451612903
2687,0.03225806451612903
2688,0.03225806451612903
2689,0.03225806451612903
2690,0.03225806451612903
2691,0.03225806451612903
2692,0.03225806451612903
2693,0.03225806451612903
2694,0.03225806451612903
2695,0.03225806451612903
2696,0.03225806451612903
2697,0.03225806451612903
2698,0.03225806451612903
2699,0.03225806451612903
2700,0.03225806451612903
2701,0.03225806451612903
2702,0.03225806451612903
2703,0.03225806451612903
2704,0.03225806451612903
2705,0.03225806451612903
2706,0.03225806451612903
2707,0.03225806451612903
2708,0.03225806451612903
2709,0.03225806451612903
2710,0.03225806451612903
2711,0.03225806451612903
2712,0.03225806451612903
2713,0.03225806451612903
2714,0.03225806451612903
2715,0.03225806451612903
2716,0.03225806451612903
2717,0.03225806451612903
2718,0.03225806451612903
2719,0.03225806451612903
2720,0.03225806451612903
2721,0.03225806451612903
2722,0.03225806451612903
2723,0.03225806451612903
2724,0.03225806451612903
2725,0.03225806451612903
2726,0.03225806451612903
2727,0.03225806451612903
2728,0.03225806451612903
2729,0.03225806451612903
2730,0.03225806451612903
2731,0.03225806451612903
2732,0.03225806451612903
2733,0.03225806451612903
2734,0.03225806451612903
2735,0.03225806451612903
2736,0.03225806451612903
2737,0.03225806451612903
2738,0.03225806451612903
2739,0.03225806451612903
2740,0.03225806451612903
2741,0.03225806451612903
2742,0.03225806451612903
2743,0.03225806451612903
2744,0.03225806451612903
2745,0.03225806451612903
2746,0.03225806451612903
2747,0.03225806451612903
2748,0.03225806451612903
2749,0.03225806451612903
2750,0.03225806451612903
2751,0.03225806451612903
2752,0.03225806451612903
2753,0.03225806451612903
2754,0.03225806451612903
2755,0.03225806451612903
2756,0.03225806451612903
2757,0.03225806451612903
2758,0.03225806451612903
2759,0.03225806451612903
2760,0.03225806451612903
2761,0.03225806451612903
2762,0.03225806451612903
2763,0.03225806451612903
2764,0.03225806451612903
2765,0.03225806451612903
2766,0.03225806451612903
2767,0.03225806451612903
2768,0.03225806451612903
2769,0.03225806451612903
2770,0.03225806451612903
2771,0.03225806451612903
2772,0.03225806451612903
2773,0.03225806451612903
2774,0.03225806451612903
2775,0.03225806451612903
2776,0.03225806451612903
2777,0.03225806451612903
2778,0.03225806451612903
2779,0.03225806451612903
2780,0.03225806451612903
2781,0.03225806451612903
2782,0.03225806451612903
2783,0.03225806451612903
2784,0.03225806451612903
2785,0.03225806451612903
2786,0.03225806451612903
2787,0.03225806451612903
2788,0.03225806451612903
2789,0.03225806451612903
2790,0.03225806451612903
2791,0.03225806451612903
2792,0.03225806451612903
2793,0.03225806451612903
2794,0.03225806451612903
2795,0.03225806451612903
2796,0.03225806451612903
2797,0.03225806451612903
2798,0.03225806451612903
2799,0.03225806451612903
2800,0.03225806451612903
2801,0.03225806451612903
2802,0.03225806451612903
2803,0.03225806451612903
2804,0.03225806451612903
2805,0.03225806451612903
2806,0.03225806451612903
2807,0.03225806451612903
2808,0.03225806451612903
2809,0.03225806451612903
2810,0.03225806451612903
2811,0.03225806451612903
2812,0.03225806451612903
2813,0.03225806451612903
2814,0.03225806451612903
2815,0.03225806451612903
2816,0.03225806451612903
2817,0.03225806451612903
2818,0.03225806451612903
2819,0.03225806451612903
2820,0.03225806451612903
2821,0.03225806451612903
2822,0.03225806451612903
2823,0.03225806451612903
2824,0.03225806451612903
2825,0.03225806451612903
2826,0.03225806451612903
2827,0.03225806451612903
2828,0.03225806451612903
2829,0.03225806451612903
2830,0.03225806451612903
2831,0.03225806451612903
2832,0.03225806451612903
2833,0.03225806451612903
2834,0.03225806451612903
2835,0.03225806451612903
2836,0.03225806451612903
2837,0.03225806451612903
2838,0.03225806451612903
2839,0.03225806451612903
2840,0.03225806451612903
2841,0.03225806451612903
2842,0.03225806451612903
2843,0.03225806451612903
2844,0.03225806451612903
2845,0.03225806451612903
2846,0.03225806451612903
2847,0.03225806451612903
2848,0.03225806451612903
2849,0.03225806451612903
2850,0.03225806451612903
2851,0.03225806451612903
2852,0.03225806451612903
2853,0.03225806451612903
2854,0.03225806451612903
2855,0.03225806451612903
2856,0.03225806451612903
2857,0.03225806451612903
2858,0.03225806451612903
2859,0.03225806451612903
2860,0.03225806451612903
2861,0.03225806451612903
2862,0.03225806451612903
2863,0.03225806451612903
2864,0.03225806451612903
2865,0.03225806451612903
2866,0.03225806451612903
2867,0.03225806451612903
2868,0.03225806451612903
2869,0.03225806451612903
2870,0.03225806451612903
2871,0.03225806451612903
2872,0.03225806451612903
2873,0.03225806451612903
2874,0.03225806451612903
2875,0.03225806451612903
2876,0.03225806451612903
2877,0.03225806451612903
2878,0.03225806451612903
2879,0.03225806451612903
2880,0.03225806451612903
2881,0.03225806451612903
2882,0.03225806451612903
2883,0.03225806451612903
2884,0.03225806451612903
2885,0.03225806451612903
2886,0.03225806451612903
2887,0.03225806451612903
2888,0.03225806451612903
2889,0.03225806451612903
2890,0.03225806451612903
2891,0.03225806451612903
2892,0.03225806451612903
2893,0.03225806451612903
2894,0.03225806451612903
2895,0.03225806451612903
2896,0.03225806451612903
2897,0.03225806451612903
2898,0.03225806451612903
2899,0.03225806451612903
2900,0.03225806451612903
2901,0.03225806451612903
2902,0.03225806451612903
2903,0.03225806451612903
2904,0.03225806451612903
2905,0.03225806451612903
2906,0.03225806451612903
2907,0.03225806451612903
2908,0.03225806451612903
2909,0.03225806451612903
2910,0.03225806451612903
2911,0.03225806451612903
2912,0.03225806451612903
2913,0.03225806451612903
2914,0.03225806451612903
2915,0.03225806451612903
2916,0.03225806451612903
2917,0.03225806451612903
2918,0.03225806451612903
2919,0.03225806451612903
2920,0.03225806451612903
2921,0.03225806451612903
2922,0.03225806451612903
2923,0.03225806451612903
2924,0.03225806451612903
2925,0.03225806451612903
2926,0.03225806451612903
2927,0.03225806451612903
2928,0.03225806451612903
2929,0.03225806451612903
2930,0.03225806451612903
2931,0.03225806451612903
2932,0.03225806451612903
2933,0.03225806451612903
2934,0.03225806451612903
2935,0.03225806451612903
2936,0.03225806451612903
2937,0.03225806451612903
2938,0.03225806451612903
2939,0.03225806451612903
2940,0.03225806451612903
2941,0.03225806451612903
2942,0.03225806451612903
2943,0.03225806451612903
2944,0.03225806451612903
2945,0.03225806451612903
2946,0.03225806451612903
2947,0.03225806451612903
2948,0.03225806451612903
2949,0.03225806451612903
2950,0.03225806451612903
2951,0.03225806451612903
2952,0.03225806451612903
2953,0.03225806451612903
2954,0.03225806451612903
2955,0.03225806451612903
2956,0.03225806451612903
2957,0.03225806451612903
2958,0.03225806451612903
2959,0.03225806451612903
2960,0.03225806451612903
2961,0.03225806451612903
2962,0.03225806451612903
2963,0.03225806451612903
2964,0.03225806451612903
2965,0.03225806451612903
2966,0.03225806451612903
2967,0.03225806451612903
2968,0.03225806451612903
2969,0.03225806451612903
2970,0.03225806451612903
2971,0.03225806451612903
2972,0.03225806451612903
2973,0.03225806451612903
2974,0.03225806451612903
2975,0.03225806451612903
2976,0.03225806451612903
2977,0.03225806451612903
2978,0.03225806451612903
2979,0.03225806451612903
2980,0.03225806451612903
2981,0.03225806451612903
2982,0.03225806451612903
2983,0.03225806451612903
2984,0.03225806451612903
2985,0.03225806451612903
2986,0.03225806451612903
2987,0.03225806451612903
2988,0.03225806451612903
2989,0.03225806451612903
2990,0.03225806451612903
2991,0.03225806451612903
2992,0.03225806451612903
2993,0.03225806451612903
2994,0.03225806451612903
2995,0.03225806451612903
2996,0.03225806451612903
2997,0.03225806451612903
2998,0.03225806451612903
2999,0.03225806451612903
3000,0.03225806451612903
3001,0.03225806451612903
3002,0.03225806451612903
3003,0.03225806451612903
3004,0.03225806451612903
3005,0.03225806451612903
3006,0.03225806451612903
3007,0.03225806451612903
3008,0.03225806451612903
3009,0.03225806451612903
3010,0.03225806451612903
3011,0.03225806451612903
3012,0.03225806451612903
3013,0.03225806451612903
3014,0.03225806451612903
3015,0.03225806451612903
3016,0.03225806451612903
3017,0.03225806451612903
3018,0.03225806451612903
3019,0.03225806451612903
3020,0.03225806451612903
3021,0.03225806451612903
3022,0.03225806451612903
3023,0.03225806451612903
3024,0.03225806451612903
3025,0.03225806451612903
3026,0.03225806451612903
3027,0.03225806451612903
3028,0.03225806451612903
3029,0.03225806451612903
3030,0.03225806451612903
3031,0.03225806451612903
3032,0.03225806451612903
3033,0.03225806451612903
3034,0.03225806451612903
3035,0.03225806451612903
3036,0.03225806451612903
3037,0.03225806451612903
3038,0.03225806451612903
3039,0.03225806451612903
3040,0.03225806451612903
3041,0.03225806451612903
3042,0.03225806451612903
3043,0.03225806451612903
3044,0.03225806451612903
3045,0.03225806451612903
3046,0.03225806451612903
3047,0.03225806451612903
3048,0.03225806451612903
3049,0.03225806451612903
3050,0.03225806451612903
3051,0.03225806451612903
3052,0.03225806451612903
3053,0.03225806451612903
3054,0.03225806451612903
3055,0.03225806451612903
3056,0.03225806451612903
3057,0.03225806451612903
3058,0.03225806451612903
3059,0.03225806451612903
3060,0.03225806451612903
3061,0.03225806451612903
3062,0.03225806451612903
3063,0.03225806451612903
3064,0.03225806451612903
3065,0.03225806451612903
3066,0.03225806451612903
3067,0.03225806451612903
3068,0.03225806451612903
3069,0.03225806451612903
3070,0.03225806451612903
3071,0.03225806451612903
3072,0.03225806451612903
3073,0.03225806451612903
3074,0.03225806451612903
3075,0.03225806451612903
3076,0.03225806451612903
3077,0.03225806451612903
3078,0.03225806451612903
3079,0.03225806451612903
3080,0.03225806451612903
3081,0.03225806451612903
3082,0.03225806451612903
3083,0.03225806451612903
3084,0.03225806451612903
3085,0.03225806451612903
3086,0.03225806451612903
3087,0.03225806451612903
3088,0.03225806451612903
3089,0.03225806451612903
3090,0.03225806451612903
3091,0.03225806451612903
3092,0.03225806451612903
3093,0.03225806451612903
3094,0.03225806451612903
3095,0.03225806451612903
3096,0.03225806451612903
3097,0.03225806451612903
3098,0.03225806451612903
3099,0.03225806451612903
3100,0.03225806451612903
3101,0.03225806451612903
3102,0.03225806451612903
3103,0.03225806451612903
3104,0.03225806451612903
3105,0.03225806451612903
3106,0.03225806451612903
3107,0.03225806451612903
3108,0.03225806451612903
3109,0.03225806451612903
3110,0.03225806451612903
3111,0.03225806451612903
3112,0.03225806451612903
3113,0.03225806451612903
3114,0.03225806451612903
3115,0.03225806451612903
3116,0.03225806451612903
3117,0.03225806451612903
3118,0.03225806451612903
3119,0.03225806451612903
3120,0.03225806451612903
3121,0.03225806451612903
3122,0.03225806451612903
3123,0.03225806451612903
3124,0.03225806451612903
3125,0.03225806451612903
3126,0.03225806451612903
3127,0.03225806451612903
3128,0.03225806451612903
3129,0.03225806451612903
3130,0.03225806451612903
3131,0.03225806451612903
3132,0.03225806451612903
3133,0.03225806451612903
3134,0.03225806451612903
3135,0.03225806451612903
3136,0.03225806451612903
3137,0.03225806451612903
3138,0.03225806451612903
3139,0.03225806451612903
3140,0.03225806451612903
3141,0.03225806451612903
3142,0.03225806451612903
3143,0.03225806451612903
3144,0.03225806451612903
3145,0.03225806451612903
3146,0.03225806451612903
3147,0.03225806451612903
3148,0.03225806451612903
3149,0.03225806451612903
3150,0.03225806451612903
3151,0.03225806451612903
3152,0.03225806451612903
3153,0.03225806451612903
3154,0.03225806451612903
3155,0.03225806451612903
3156,0.03225806451612903
3157,0.03225806451612903
3158,0.03225806451612903
3159,0.03225806451612903
3160,0.03225806451612903
3161,0.03225806451612903
3162,0.03225806451612903
3163,0.03225806451612903
3164,0.03225806451612903
3165,0.03225806451612903
3166,0.03225806451612903
3167,0.03225806451612903
3168,0.03225806451612903
3169,0.03225806451612903
3170,0.03225806451612903
3171,0.03225806451612903
3172,0.03225806451612903
3173,0.03225806451612903
3174,0.03225806451612903
3175,0.03225806451612903
3176,0.03225806451612903
3177,0.03225806451612903
3178,0.03225806451612903
3179,0.03225806451612903
3180,0.03225806451612903
3181,0.03225806451612903
3182,0.03225806451612903
3183,0.03225806451612903
3184,0.03225806451612903
3185,0.03225806451612903
3186,0.03225806451612903
3187,0.03225806451612903
3188,0.03225806451612903
3189,0.03225806451612903
3190,0.03225806451612903
3191,0.03225806451612903
3192,0.03225806451612903
3193,0.03225806451612903
3194,0.03225806451612903
3195,0.03225806451612903
3196,0.03225806451612903
3197,0.03225806451612903
3198,0.03225806451612903
3199,0.03225806451612903
3200,0.03225806451612903
3201,0.03225806451612903
3202,0.03225806451612903
3203,0.03225806451612903
3204,0.03225806451612903
3205,0.03225806451612903
3206,0.03225806451612903
3207,0.03225806451612903
3208,0.03225806451612903
3209,0.03225806451612903
3210,0.03225806451612903
3211,0.03225806451612903
3212,0.03225806451612903
3213,0.03225806451612903
3214,0.03225806451612903
3215,0.03225806451612903
3216,0.03225806451612903
3217,0.03225806451612903
3218,0.03225806451612903
3219,0.03225806451612903
3220,0.03225806451612903
3221,0.03225806451612903
3222,0.03225806451612903
3223,0.03225806451612903
3224,0.03225806451612903
3225,0.03225806451612903
3226,0.03225806451612903
3227,0.03225806451612903
3228,0.03225806451612903
3229,0.03225806451612903
3230,0.03225806451612903
3231,0.03225806451612903
3232,0.03225806451612903
3233,0.03225806451612903
3234,0.03225806451612903
3235,0.03225806451612903
3236,0.03225806451612903
3237,0.03225806451612903
3238,0.03225806451612903
3239,0.03225806451612903
3240,0.03225806451612903
3241,0.03225806451612903
3242,0.03225806451612903
3243,0.03225806451612903
3244,0.03225806451612903
3245,0.03225806451612903
3246,0.03225806451612903
3247,0.03225806451612903
3248,0.03225806451612903
3249,0.03225806451612903
3250,0.03225806451612903
3251,0.03225806451612903
3252,0.03225806451612903
3253,0.03225806451612903
3254,0.03225806451612903
3255,0.03225806451612903
3256,0.03225806451612903
3257,0.03225806451612903
3258,0.03225806451612903
3259,0.03225806451612903
3260,0.03225806451612903
3261,0.03225806451612903
3262,0.03225806451612903
3263,0.03225806451612903
3264,0.03225806451612903
3265,0.03225806451612903
3266,0.03225806451612903
3267,0.03225806451612903
3268,0.03225806451612903
3269,0.03225806451612903
3270,0.03225806451612903
3271,0.03225806451612903
3272,0.03225806451612903
3273,0.03225806451612903
3274,0.03225806451612903
3275,0.03225806451612903
3276,0.03225806451612903
3277,0.03225806451612903
3278,0.03225806451612903
3279,0.03225806451612903
3280,0.03225806451612903
3281,0.03225806451612903
3282,0.03225806451612903
3283,0.03225806451612903
3284,0.03225806451612903
3285,0.03225806451612903
3286,0.03225806451612903
3287,0.03225806451612903
3288,0.03225806451612903
3289,0.03225806451612903
3290,0.03225806451612903
3291,0.03225806451612903
3292,0.03225806451612903
3293,0.03225806451612903
3294,0.03225806451612903
3295,0.03225806451612903
3296,0.03225806451612903
3297,0.03225806451612903
3298,0.03225806451612903
3299,0.03225806451612903
3300,0.03225806451612903
3301,0.03225806451612903
3302,0.03225806451612903
3303,0.03225806451612903
3304,0.03225806451612903
3305,0.03225806451612903
3306,0.03225806451612903
3307,0.03225806451612903
3308,0.03225806451612903
3309,0.03225806451612903
3310,0.03225806451612903
3311,0.03225806451612903
3312,0.03225806451612903
3313,0.03225806451612903
3314,0.03225806451612903
3315,0.03225806451612903
3316,0.03225806451612903
3317,0.03225806451612903
3318,0.03225806451612903
3319,0.03225806451612903
3320,0.03225806451612903
3321,0.03225806451612903
3322,0.03225806451612903
3323,0.03225806451612903
3324,0.03225806451612903
3325,0.03225806451612903
3326,0.03225806451612903
3327,0.03225806451612903
3328,0.03225806451612903
3329,0.03225806451612903
3330,0.03225806451612903
3331,0.03225806451612903
3332,0.03225806451612903
3333,0.03225806451612903
3334,0.03225806451612903
3335,0.03225806451612903
3336,0.03225806451612903
3337,0.03225806451612903
3338,0.03225806451612903
3339,0.03225806451612903
3340,0.03225806451612903
3341,0.03225806451612903
3342,0.03225806451612903
3343,0.03225806451612903
3344,0.03225806451612903
3345,0.03225806451612903
3346,0.03225806451612903
3347,0.03225806451612903
3348,0.03225806451612903
3349,0.03225806451612903
3350,0.03225806451612903
3351,0.03225806451612903
3352,0.03225806451612903
3353,0.03225806451612903
3354,0.03225806451612903
3355,0.03225806451612903
3356,0.03225806451612903
3357,0.03225806451612903
3358,0.03225806451612903
3359,0.03225806451612903
3360,0.03225806451612903
3361,0.03225806451612903
3362,0.03225806451612903
3363,0.03225806451612903
3364,0.03225806451612903
3365,0.03225806451612903
3366,0.03225806451612903
3367,0.03225806451612903
3368,0.03225806451612903
3369,0.03225806451612903
3370,0.03225806451612903
3371,0.03225806451612903
3372,0.03225806451612903
3373,0.03225806451612903
3374,0.03225806451612903
3375,0.03225806451612903
3376,0.03225806451612903
3377,0.03225806451612903
3378,0.03225806451612903
3379,0.03225806451612903
3380,0.03225806451612903
3381,0.03225806451612903
3382,0.03225806451612903
3383,0.03225806451612903
3384,0.03225806451612903
3385,0.03225806451612903
3386,0.03225806451612903
3387,0.03225806451612903
3388,0.03225806451612903
3389,0.03225806451612903
3390,0.03225806451612903
3391,0.03225806451612903
3392,0.03225806451612903
3393,0.03225806451612903
3394,0.03225806451612903
3395,0.03225806451612903
3396,0.03225806451612903
3397,0.03225806451612903
3398,0.03225806451612903
3399,0.03225806451612903
3400,0.03225806451612903
3401,0.03225806451612903
3402,0.03225806451612903
3403,0.03225806451612903
3404,0.03225806451612903
3405,0.03225806451612903
3406,0.03225806451612903
3407,0.03225806451612903
3408,0.03225806451612903
3409,0.03225806451612903
3410,0.03225806451612903
3411,0.03225806451612903
3412,0.03225806451612903
3413,0.03225806451612903
3414,0.03225806451612903
3415,0.03225806451612903
3416,0.03225806451612903
3417,0.03225806451612903
3418,0.03225806451612903
3419,0.03225806451612903
3420,0.03225806451612903
3421,0.03225806451612903
3422,0.03225806451612903
3423,0.03225806451612903
3424,0.03225806451612903
3425,0.03225806451612903
3426,0.03225806451612903
3427,0.03225806451612903
3428,0.03225806451612903
3429,0.03225806451612903
3430,0.03225806451612903
3431,0.03225806451612903
3432,0.03225806451612903
3433,0.03225806451612903
3434,0.03225806451612903
3435,0.03225806451612903
3436,0.03225806451612903
3437,0.03225806451612903
3438,0.03225806451612903
3439,0.03225806451612903
3440,0.03225806451612903
3441,0.03225806451612903
3442,0.03225806451612903
3443,0.03225806451612903
3444,0.03225806451612903
3445,0.03225806451612903
3446,0.03225806451612903
3447,0.03225806451612903
3448,0.03225806451612903
3449,0.03225806451612903
3450,0.03225806451612903
3451,0.03225806451612903
3452,0.03225806451612903
3453,0.03225806451612903
3454,0.03225806451612903
3455,0.03225806451612903
3456,0.03225806451612903
3457,0.03225806451612903
3458,0.03225806451612903
3459,0.03225806451612903
3460,0.03225806451612903
3461,0.03225806451612903
3462,0.03225806451612903
3463,0.03225806451612903
3464,0.03225806451612903
3465,0.03225806451612903
3466,0.03225806451612903
3467,0.03225806451612903
3468,0.03225806451612903
3469,0.03225806451612903
3470,0.03225806451612903
3471,0.03225806451612903
3472,0.03225806451612903
3473,0.03225806451612903
3474,0.03225806451612903
3475,0.03225806451612903
3476,0.03225806451612903
3477,0.03225806451612903
3478,0.03225806451612903
3479,0.03225806451612903
3480,0.03225806451612903
3481,0.03225806451612903
3482,0.03225806451612903
3483,0.03225806451612903
3484,0.03225806451612903
3485,0.03225806451612903
3486,0.03225806451612903
3487,0.03225806451612903
3488,0.03225806451612903
3489,0.03225806451612903
3490,0.03225806451612903
3491,0.03225806451612903
3492,0.03225806451612903
3493,0.03225806451612903
3494,0.03225806451612903
3495,0.03225806451612903
3496,0.03225806451612903
3497,0.03225806451612903
3498,0.03225806451612903
3499,0.03225806451612903
3500,0.03225806451612903
3501,0.03225806451612903
3502,0.03225806451612903
3503,0.03225806451612903
3504,0.03225806451612903
3505,0.03225806451612903
3506,0.03225806451612903
3507,0.03225806451612903
3508,0.03225806451612903
3509,0.03225806451612903
3510,0.03225806451612903
3511,0.03225806451612903
3512,0.03225806451612903
3513,0.03225806451612903
3514,0.03225806451612903
3515,0.03225806451612903
3516,0.03225806451612903
3517,0.03225806451612903
3518,0.03225806451612903
3519,0.03225806451612903
3520,0.03225806451612903
3521,0.03225806451612903
3522,0.03225806451612903
3523,0.03225806451612903
3524,0.03225806451612903
3525,0.03225806451612903
3526,0.03225806451612903
3527,0.03225806451612903
3528,0.03225806451612903
3529,0.03225806451612903
3530,0.03225806451612903
3531,0.03225806451612903
3532,0.03225806451612903
3533,0.03225806451612903
3534,0.03225806451612903
3535,0.03225806451612903
3536,0.03225806451612903
3537,0.03225806451612903
3538,0.03225806451612903
3539,0.03225806451612903
3540,0.03225806451612903
3541,0.03225806451612903
3542,0.03225806451612903
3543,0.03225806451612903
3544,0.03225806451612903
3545,0.03225806451612903
3546,0.03225806451612903
3547,0.03225806451612903
3548,0.03225806451612903
3549,0.03225806451612903
3550,0.03225806451612903
3551,0.03225806451612903
3552,0.03225806451612903
3553,0.03225806451612903
3554,0.03225806451612903
3555,0.03225806451612903
3556,0.03225806451612903
3557,0.03225806451612903
3558,0.03225806451612903
3559,0.03225806451612903
3560,0.03225806451612903
3561,0.03225806451612903
3562,0.03225806451612903
3563,0.03225806451612903
3564,0.03225806451612903
3565,0.03225806451612903
3566,0.03225806451612903
3567,0.03225806451612903
3568,0.03225806451612903
3569,0.03225806451612903
3570,0.03225806451612903
3571,0.03225806451612903
3572,0.03225806451612903
3573,0.03225806451612903
3574,0.03225806451612903
3575,0.03225806451612903
3576,0.03225806451612903
3577,0.03225806451612903
3578,0.03225806451612903
3579,0.03225806451612903
3580,0.03225806451612903
3581,0.03225806451612903
3582,0.03225806451612903
3583,0.03225806451612903
3584,0.03225806451612903
3585,0.03225806451612903
3586,0.03225806451612903
3587,0.03225806451612903
3588,0.03225806451612903
3589,0.03225806451612903
3590,0.03225806451612903
3591,0.03225806451612903
3592,0.03225806451612903
3593,0.03225806451612903
3594,0.03225806451612903
3595,0.03225806451612903
3596,0.03225806451612903
3597,0.03225806451612903
3598,0.03225806451612903
3599,0.03225806451612903
3600,0.03225806451612903
3601,0.03225806451612903
3602,0.03225806451612903
3603,0.03225806451612903
3604,0.03225806451612903
3605,0.03225806451612903
3606,0.03225806451612903
3607,0.03225806451612903
3608,0.03225806451612903
3609,0.03225806451612903
3610,0.03225806451612903
3611,0.03225806451612903
3612,0.03225806451612903
3613,0.03225806451612903
3614,0.03225806451612903
3615,0.03225806451612903
3616,0.03225806451612903
3617,0.03225806451612903
3618,0.03225806451612903
3619,0.03225806451612903
3620,0.03225806451612903
3621,0.03225806451612903
3622,0.03225806451612903
3623,0.03225806451612903
3624,0.03225806451612903
3625,0.03225806451612903
3626,0.03225806451612903
3627,0.03225806451612903
3628,0.03225806451612903
3629,0.03225806451612903
3630,0.03225806451612903
3631,0.03225806451612903
3632,0.03225806451612903
3633,0.03225806451612903
3634,0.03225806451612903
3635,0.03225806451612903
3636,0.03225806451612903
3637,0.03225806451612903
3638,0.03225806451612903
3639,0.03225806451612903
3640,0.03225806451612903
3641,0.03225806451612903
3642,0.03225806451612903
3643,0.03225806451612903
3644,0.03225806451612903
3645,0.03225806451612903
3646,0.03225806451612903
3647,0.03225806451612903
3648,0.03225806451612903
3649,0.03225806451612903
3650,0.03225806451612903
3651,0.03225806451612903
3652,0.03225806451612903
3653,0.03225806451612903
3654,0.03225806451612903
3655,0.03225806451612903
3656,0.03225806451612903
3657,0.03225806451612903
3658,0.03225806451612903
3659,0.03225806451612903
3660,0.03225806451612903
3661,0.03225806451612903
3662,0.03225806451612903
3663,0.03225806451612903
3664,0.03225806451612903
3665,0.03225806451612903
3666,0.03225806451612903
3667,0.03225806451612903
3668,0.03225806451612903
3669,0.03225806451612903
3670,0.03225806451612903
3671,0.03225806451612903
3672,0.03225806451612903
3673,0.03225806451612903
3674,0.03225806451612903
3675,0.03225806451612903
3676,0.03225806451612903
3677,0.03225806451612903
3678,0.03225806451612903
3679,0.03225806451612903
3680,0.03225806451612903
3681,0.03225806451612903
3682,0.03225806451612903
3683,0.03225806451612903
3684,0.03225806451612903
3685,0.03225806451612903
3686,0.03225806451612903
3687,0.03225806451612903
3688,0.03225806451612903
3689,0.03225806451612903
3690,0.03225806451612903
3691,0.03225806451612903
3692,0.03225806451612903
3693,0.03225806451612903
3694,0.03225806451612903
3695,0.03225806451612903
3696,0.03225806451612903
3697,0.03225806451612903
3698,0.03225806451612903
3699,0.03225806451612903
3700,0.03225806451612903
3701,0.03225806451612903
3702,0.03225806451612903
3703,0.03225806451612903
3704,0.03225806451612903
3705,0.03225806451612903
3706,0.03225806451612903
3707,0.03225806451612903
3708,0.03225806451612903
3709,0.03225806451612903
3710,0.03225806451612903
3711,0.03225806451612903
3712,0.03225806451612903
3713,0.03225806451612903
3714,0.03225806451612903
3715,0.03225806451612903
3716,0.03225806451612903
3717,0.03225806451612903
3718,0.03225806451612903
3719,0.03225806451612903
3720,0.03225806451612903
3721,0.03225806451612903
3722,0.03225806451612903
3723,0.03225806451612903
3724,0.03225806451612903
3725,0.03225806451612903
3726,0.03225806451612903
3727,0.03225806451612903
3728,0.03225806451612903
3729,0.03225806451612903
3730,0.03225806451612903
3731,0.03225806451612903
3732,0.03225806451612903
3733,0.03225806451612903
3734,0.03225806451612903
3735,0.03225806451612903
3736,0.03225806451612903
3737,0.03225806451612903
3738,0.03225806451612903
3739,0.03225806451612903
3740,0.03225806451612903
3741,0.03225806451612903
3742,0.03225806451612903
3743,0.03225806451612903
3744,0.03225806451612903
3745,0.03225806451612903
3746,0.03225806451612903
3747,0.03225806451612903
3748,0.03225806451612903
3749,0.03225806451612903
3750,0.03225806451612903
3751,0.03225806451612903
3752,0.03225806451612903
3753,0.03225806451612903
3754,0.03225806451612903
3755,0.03225806451612903
3756,0.03225806451612903
3757,0.03225806451612903
3758,0.03225806451612903
3759,0.03225806451612903
3760,0.03225806451612903
3761,0.03225806451612903
3762,0.03225806451612903
3763,0.03225806451612903
3764,0.03225806451612903
3765,0.03225806451612903
3766,0.03225806451612903
3767,0.03225806451612903
3768,0.03225806451612903
3769,0.03225806451612903
3770,0.03225806451612903
3771,0.03225806451612903
3772,0.03225806451612903
3773,0.03225806451612903
3774,0.03225806451612903
3775,0.03225806451612903
3776,0.03225806451612903
3777,0.03225806451612903
3778,0.03225806451612903
3779,0.03225806451612903
3780,0.03225806451612903
3781,0.03225806451612903
3782,0.03225806451612903
3783,0.03225806451612903
3784,0.03225806451612903
3785,0.03225806451612903
3786,0.03225806451612903
3787,0.03225806451612903
3788,0.03225806451612903
3789,0.03225806451612903
3790,0.03225806451612903
3791,0.03225806451612903
3792,0.03225806451612903
3793,0.03225806451612903
3794,0.03225806451612903
3795,0.03225806451612903
3796,0.03225806451612903
3797,0.03225806451612903
3798,0.03225806451612903
3799,0.03225806451612903
3800,0.03225806451612903
3801,0.03225806451612903
3802,0.03225806451612903
3803,0.03225806451612903
3804,0.03225806451612903
3805,0.03225806451612903
3806,0.03225806451612903
3807,0.03225806451612903
3808,0.03225806451612903
3809,0.03225806451612903
3810,0.03225806451612903
3811,0.03225806451612903
3812,0.03225806451612903
3813,0.03225806451612903
3814,0.03225806451612903
3815,0.03225806451612903
3816,0.03225806451612903
3817,0.03225806451612903
3818,0.03225806451612903
3819,0.03225806451612903
3820,0.03225806451612903
3821,0.03225806451612903
3822,0.03225806451612903
3823,0.03225806451612903
3824,0.03225806451612903
3825,0.03225806451612903
3826,0.03225806451612903
3827,0.03225806451612903
3828,0.03225806451612903
3829,0.03225806451612903
3830,0.03225806451612903
3831,0.03225806451612903
3832,0.03225806451612903
3833,0.03225806451612903
3834,0.03225806451612903
3835,0.03225806451612903
3836,0.03225806451612903
3837,0.03225806451612903
3838,0.03225806451612903
3839,0.03225806451612903
3840,0.03225806451612903
3841,0.03225806451612903
3842,0.03225806451612903
3843,0.03225806451612903
3844,0.03225806451612903
3845,0.03225806451612903
3846,0.03225806451612903
3847,0.03225806451612903
3848,0.03225806451612903
3849,0.03225806451612903
3850,0.03225806451612903
3851,0.03225806451612903
3852,0.03225806451612903
3853,0.03225806451612903
3854,0.03225806451612903
3855,0.03225806451612903
3856,0.03225806451612903
3857,0.03225806451612903
3858,0.03225806451612903
3859,0.03225806451612903
3860,0.03225806451612903
3861,0.03225806451612903
3862,0.03225806451612903
3863,0.03225806451612903
3864,0.03225806451612903
3865,0.03225806451612903
3866,0.03225806451612903
3867,0.03225806451612903
3868,0.03225806451612903
3869,0.03225806451612903
3870,0.03225806451612903
3871,0.03225806451612903
3872,0.03225806451612903
3873,0.03225806451612903
3874,0.03225806451612903
3875,0.03225806451612903
3876,0.03225806451612903
3877,0.03225806451612903
3878,0.03225806451612903
3879,0.03225806451612903
3880,0.03225806451612903
3881,0.03225806451612903
3882,0.03225806451612903
3883,0.03225806451612903
3884,0.03225806451612903
3885,0.03225806451612903
3886,0.03225806451612903
3887,0.03225806451612903
3888,0.03225806451612903
3889,0.03225806451612903
3890,0.03225806451612903
3891,0.03225806451612903
3892,0.03225806451612903
3893,0.03225806451612903
3894,0.03225806451612903
3895,0.03225806451612903
3896,0.03225806451612903
3897,0.03225806451612903
3898,0.03225806451612903
3899,0.03225806451612903
3900,0.03225806451612903
3901,0.03225806451612903
3902,0.03225806451612903
3903,0.03225806451612903
3904,0.03225806451612903
3905,0.03225806451612903
3906,0.03225806451612903
3907,0.03225806451612903
3908,0.03225806451612903
3909,0.03225806451612903
3910,0.03225806451612903
3911,0.03225806451612903
3912,0.03225806451612903
3913,0.03225806451612903
3914,0.03225806451612903
3915,0.03225806451612903
3916,0.03225806451612903
3917,0.03225806451612903
3918,0.03225806451612903
3919,0.03225806451612903
3920,0.03225806451612903
3921,0.03225806451612903
3922,0.03225806451612903
3923,0.03225806451612903
3924,0.03225806451612903
3925,0.03225806451612903
3926,0.03225806451612903
3927,0.03225806451612903
3928,0.03225806451612903
3929,0.03225806451612903
3930,0.03225806451612903
3931,0.03225806451612903
3932,0.03225806451612903
3933,0.03225806451612903
3934,0.03225806451612903
3935,0.03225806451612903
3936,0.03225806451612903
3937,0.03225806451612903
3938,0.03225806451612903
3939,0.03225806451612903
3940,0.03225806451612903
3941,0.03225806451612903
3942,0.03225806451612903
3943,0.03225806451612903
3944,0.03225806451612903
3945,0.03225806451612903
3946,0.03225806451612903
3947,0.03225806451612903
3948,0.03225806451612903
3949,0.03225806451612903
3950,0.03225806451612903
3951,0.03225806451612903
3952,0.03225806451612903
3953,0.03225806451612903
3954,0.03225806451612903
3955,0.03225806451612903
3956,0.03225806451612903
3957,0.03225806451612903
3958,0.03225806451612903
3959,0.03225806451612903
3960,0.03225806451612903
3961,0.03225806451612903
3962,0.03225806451612903
3963,0.03225806451612903
3964,0.03225806451612903
3965,0.03225806451612903
3966,0.03225806451612903
3967,0.03225806451612903
3968,0.03225806451612903
3969,0.03225806451612903
3970,0.03225806451612903
3971,0.03225806451612903
3972,0.03225806451612903
3973,0.03225806451612903
3974,0.03225806451612903
3975,0.03225806451612903
3976,0.03225806451612903
3977,0.03225806451612903
3978,0.03225806451612903
3979,0.03225806451612903
3980,0.03225806451612903
3981,0.03225806451612903
3982,0.03225806451612903
3983,0.03225806451612903
3984,0.03225806451612903
3985,0.03225806451612903
3986,0.03225806451612903
3987,0.03225806451612903
3988,0.03225806451612903
3989,0.03225806451612903
3990,0.03225806451612903
3991,0.03225806451612903
3992,0.03225806451612903
3993,0.03225806451612903
3994,0.03225806451612903
3995,0.03225806451612903
3996,0.03225806451612903
3997,0.03225806451612903
3998,0.03225806451612903
3999,0.03225806451612903
4000,0.03225806451612903
4001,0.03225806451612903
4002,0.03225806451612903
4003,0.03225806451612903
4004,0.03225806451612903
4005,0.03225806451612903
4006,0.03225806451612903
4007,0.03225806451612903
4008,0.03225806451612903
4009,0.03225806451612903
4010,0.03225806451612903
4011,0.03225806451612903
4012,0.03225806451612903
4013,0.03225806451612903
4014,0.03225806451612903
4015,0.03225806451612903
4016,0.03225806451612903
4017,0.03225806451612903
4018,0.03225806451612903
4019,0.03225806451612903
4020,0.03225806451612903
4021,0.03225806451612903
4022,0.03225806451612903
4023,0.03225806451612903
4024,0.03225806451612903
4025,0.03225806451612903
4026,0.03225806451612903
4027,0.03225806451612903
4028,0.03225806451612903
4029,0.03225806451612903
4030,0.03225806451612903
4031,0.03225806451612903
4032,0.03225806451612903
4033,0.03225806451612903
4034,0.03225806451612903
4035,0.03225806451612903
4036,0.03225806451612903
4037,0.03225806451612903
4038,0.03225806451612903
4039,0.03225806451612903
4040,0.03225806451612903
4041,0.03225806451612903
4042,0.03225806451612903
4043,0.03225806451612903
4044,0.03225806451612903
4045,0.03225806451612903
4046,0.03225806451612903
4047,0.03225806451612903
4048,0.03225806451612903
4049,0.03225806451612903
4050,0.03225806451612903
4051,0.03225806451612903
4052,0.03225806451612903
4053,0.03225806451612903
4054,0.03225806451612903
4055,0.03225806451612903
4056,0.03225806451612903
4057,0.03225806451612903
4058,0.03225806451612903
4059,0.03225806451612903
4060,0.03225806451612903
4061,0.03225806451612903
4062,0.03225806451612903
4063,0.03225806451612903
4064,0.03225806451612903
4065,0.03225806451612903
4066,0.03225806451612903
4067,0.03225806451612903
4068,0.03225806451612903
4069,0.03225806451612903
4070,0.03225806451612903
4071,0.03225806451612903
4072,0.03225806451612903
4073,0.03225806451612903
4074,0.03225806451612903
4075,0.03225806451612903
4076,0.03225806451612903
4077,0.03225806451612903
4078,0.03225806451612903
4079,0.03225806451612903
4080,0.03225806451612903
4081,0.03225806451612903
4082,0.03225806451612903
4083,0.03225806451612903
4084,0.03225806451612903
4085,0.03225806451612903
4086,0.03225806451612903
4087,0.03225806451612903
4088,0.03225806451612903
4089,0.03225806451612903
4090,0.03225806451612903
4091,0.03225806451612903
4092,0.03225806451612903
4093,0.03225806451612903
4094,0.03225806451612903
4095,0.03225806451612903
4096,0.03225806451612903
4097,0.03225806451612903
4098,0.03225806451612903
4099,0.03225806451612903
4100,0.03225806451612903
4101,0.03225806451612903
4102,0.03225806451612903
4103,0.03225806451612903
4104,0.03225806451612903
4105,0.03225806451612903
4106,0.03225806451612903
4107,0.03225806451612903
4108,0.03225806451612903
4109,0.03225806451612903
4110,0.03225806451612903
4111,0.03225806451612903
4112,0.03225806451612903
4113,0.03225806451612903
4114,0.03225806451612903
4115,0.03225806451612903
4116,0.03225806451612903
4117,0.03225806451612903
4118,0.03225806451612903
4119,0.03225806451612903
4120,0.03225806451612903
4121,0.03225806451612903
4122,0.03225806451612903
4123,0.03225806451612903
4124,0.03225806451612903
4125,0.03225806451612903
4126,0.03225806451612903
4127,0.03225806451612903
4128,0.03225806451612903
4129,0.03225806451612903
4130,0.03225806451612903
4131,0.03225806451612903
4132,0.03225806451612903
4133,0.03225806451612903
4134,0.03225806451612903
4135,0.03225806451612903
4136,0.03225806451612903
4137,0.03225806451612903
4138,0.03225806451612903
4139,0.03225806451612903
4140,0.03225806451612903
4141,0.03225806451612903
4142,0.03225806451612903
4143,0.03225806451612903
4144,0.03225806451612903
4145,0.03225806451612903
4146,0.03225806451612903
4147,0.03225806451612903
4148,0.03225806451612903
4149,0.03225806451612903
4150,0.03225806451612903
4151,0.03225806451612903
4152,0.03225806451612903
4153,0.03225806451612903
4154,0.03225806451612903
4155,0.03225806451612903
4156,0.03225806451612903
4157,0.03225806451612903
4158,0.03225806451612903
4159,0.03225806451612903
4160,0.03225806451612903
4161,0.03225806451612903
4162,0.03225806451612903
4163,0.03225806451612903
4164,0.03225806451612903
4165,0.03225806451612903
4166,0.03225806451612903
4167,0.03225806451612903
4168,0.03225806451612903
4169,0.03225806451612903
4170,0.03225806451612903
4171,0.03225806451612903
4172,0.03225806451612903
4173,0.03225806451612903
4174,0.03225806451612903
4175,0.03225806451612903
4176,0.03225806451612903
4177,0.03225806451612903
4178,0.03225806451612903
4179,0.03225806451612903
4180,0.03225806451612903
4181,0.03225806451612903
4182,0.03225806451612903
4183,0.03225806451612903
4184,0.03225806451612903
4185,0.03225806451612903
4186,0.03225806451612903
4187,0.03225806451612903
4188,0.03225806451612903
4189,0.03225806451612903
4190,0.03225806451612903
4191,0.03225806451612903
4192,0.03225806451612903
4193,0.03225806451612903
4194,0.03225806451612903
4195,0.03225806451612903
4196,0.03225806451612903
4197,0.03225806451612903
4198,0.03225806451612903
4199,0.03225806451612903
4200,0.03225806451612903
4201,0.03225806451612903
4202,0.03225806451612903
4203,0.03225806451612903
4204,0.03225806451612903
4205,0.03225806451612903
4206,0.03225806451612903
4207,0.03225806451612903
4208,0.03225806451612903
4209,0.03225806451612903
4210,0.03225806451612903
4211,0.03225806451612903
4212,0.03225806451612903
4213,0.03225806451612903
4214,0.03225806451612903
4215,0.03225806451612903
4216,0.03225806451612903
4217,0.03225806451612903
4218,0.03225806451612903
4219,0.03225806451612903
4220,0.03225806451612903
4221,0.03225806451612903
4222,0.03225806451612903
4223,0.03225806451612903
4224,0.03225806451612903
4225,0.03225806451612903
4226,0.03225806451612903
4227,0.03225806451612903
4228,0.03225806451612903
4229,0.03225806451612903
4230,0.03225806451612903
4231,0.03225806451612903
4232,0.03225806451612903
4233,0.03225806451612903
4234,0.03225806451612903
4235,0.03225806451612903
4236,0.03225806451612903
4237,0.03225806451612903
4238,0.03225806451612903
4239,0.03225806451612903
4240,0.03225806451612903
4241,0.03225806451612903
4242,0.03225806451612903
4243,0.03225806451612903
4244,0.03225806451612903
4245,0.03225806451612903
4246,0.03225806451612903
4247,0.03225806451612903
4248,0.03225806451612903
4249,0.03225806451612903
4250,0.03225806451612903
4251,0.03225806451612903
4252,0.03225806451612903
4253,0.03225806451612903
4254,0.03225806451612903
4255,0.03225806451612903
4256,0.03225806451612903
4257,0.03225806451612903
4258,0.03225806451612903
4259,0.03225806451612903
4260,0.03225806451612903
4261,0.03225806451612903
4262,0.03225806451612903
4263,0.03225806451612903
4264,0.03225806451612903
4265,0.03225806451612903
4266,0.03225806451612903
4267,0.03225806451612903
4268,0.03225806451612903
4269,0.03225806451612903
4270,0.03225806451612903
4271,0.03225806451612903
4272,0.03225806451612903
4273,0.03225806451612903
4274,0.03225806451612903
4275,0.03225806451612903
4276,0.03225806451612903
4277,0.03225806451612903
4278,0.03225806451612903
4279,0.03225806451612903
4280,0.03225806451612903
4281,0.03225806451612903
4282,0.03225806451612903
4283,0.03225806451612903
4284,0.03225806451612903
4285,0.03225806451612903
4286,0.03225806451612903
4287,0.03225806451612903
4288,0.03225806451612903
4289,0.03225806451612903
4290,0.03225806451612903
4291,0.03225806451612903
4292,0.03225806451612903
4293,0.03225806451612903
4294,0.03225806451612903
4295,0.03225806451612903
4296,0.03225806451612903
4297,0.03225806451612903
4298,0.03225806451612903
4299,0.03225806451612903
4300,0.03225806451612903
4301,0.03225806451612903
4302,0.03225806451612903
4303,0.03225806451612903
4304,0.03225806451612903
4305,0.03225806451612903
4306,0.03225806451612903
4307,0.03225806451612903
4308,0.03225806451612903
4309,0.03225806451612903
4310,0.03225806451612903
4311,0.03225806451612903
4312,0.03225806451612903
4313,0.03225806451612903
4314,0.03225806451612903
4315,0.03225806451612903
4316,0.03225806451612903
4317,0.03225806451612903
4318,0.03225806451612903
4319,0.03225806451612903
4320,0.03225806451612903
4321,0.03225806451612903
4322,0.03225806451612903
4323,0.03225806451612903
4324,0.03225806451612903
4325,0.03225806451612903
4326,0.03225806451612903
4327,0.03225806451612903
4328,0.03225806451612903
4329,0.03225806451612903
4330,0.03225806451612903
4331,0.03225806451612903
4332,0.03225806451612903
4333,0.03225806451612903
4334,0.03225806451612903
4335,0.03225806451612903
4336,0.03225806451612903
4337,0.03225806451612903
4338,0.03225806451612903
4339,0.03225806451612903
4340,0.03225806451612903
4341,0.03225806451612903
4342,0.03225806451612903
4343,0.03225806451612903
4344,0.03225806451612903
4345,0.03225806451612903
4346,0.03225806451612903
4347,0.03225806451612903
4348,0.03225806451612903
4349,0.03225806451612903
4350,0.03225806451612903
4351,0.03225806451612903
4352,0.03225806451612903
4353,0.03225806451612903
4354,0.03225806451612903
4355,0.03225806451612903
4356,0.03225806451612903
4357,0.03225806451612903
4358,0.03225806451612903
4359,0.03225806451612903
4360,0.03225806451612903
4361,0.03225806451612903
4362,0.03225806451612903
4363,0.03225806451612903
4364,0.03225806451612903
4365,0.03225806451612903
4366,0.03225806451612903
4367,0.03225806451612903
4368,0.03225806451612903
4369,0.03225806451612903
4370,0.03225806451612903
4371,0.03225806451612903
4372,0.03225806451612903
4373,0.03225806451612903
4374,0.03225806451612903
4375,0.03225806451612903
4376,0.03225806451612903
4377,0.03225806451612903
4378,0.03225806451612903
4379,0.03225806451612903
4380,0.03225806451612903
4381,0.03225806451612903
4382,0.03225806451612903
4383,0.03225806451612903
4384,0.03225806451612903
4385,0.03225806451612903
4386,0.03225806451612903
4387,0.03225806451612903
4388,0.03225806451612903
4389,0.03225806451612903
4390,0.03225806451612903
4391,0.03225806451612903
4392,0.03225806451612903
4393,0.03225806451612903
4394,0.03225806451612903
4395,0.03225806451612903
4396,0.03225806451612903
4397,0.03225806451612903
4398,0.03225806451612903
4399,0.03225806451612903
4400,0.03225806451612903
4401,0.03225806451612903
4402,0.03225806451612903
4403,0.03225806451612903
4404,0.03225806451612903
4405,0.03225806451612903
4406,0.03225806451612903
4407,0.03225806451612903
4408,0.03225806451612903
4409,0.03225806451612903
4410,0.03225806451612903
4411,0.03225806451612903
4412,0.03225806451612903
4413,0.03225806451612903
4414,0.03225806451612903
4415,0.03225806451612903
4416,0.03225806451612903
4417,0.03225806451612903
4418,0.03225806451612903
4419,0.03225806451612903
4420,0.03225806451612903
4421,0.03225806451612903
4422,0.03225806451612903
4423,0.03225806451612903
4424,0.03225806451612903
4425,0.03225806451612903
4426,0.03225806451612903
4427,0.03225806451612903
4428,0.03225806451612903
4429,0.03225806451612903
4430,0.03225806451612903
4431,0.03225806451612903
4432,0.03225806451612903
4433,0.03225806451612903
4434,0.03225806451612903
4435,0.03225806451612903
4436,0.03225806451612903
4437,0.03225806451612903
4438,0.03225806451612903
4439,0.03225806451612903
4440,0.03225806451612903
4441,0.03225806451612903
4442,0.03225806451612903
4443,0.03225806451612903
4444,0.03225806451612903
4445,0.03225806451612903
4446,0.03225806451612903
4447,0.03225806451612903
4448,0.03225806451612903
4449,0.03225806451612903
4450,0.03225806451612903
4451,0.03225806451612903
4452,0.03225806451612903
4453,0.03225806451612903
4454,0.03225806451612903
4455,0.03225806451612903
4456,0.03225806451612903
4457,0.03225806451612903
4458,0.03225806451612903
4459,0.03225806451612903
4460,0.03225806451612903
4461,0.03225806451612903
4462,0.03225806451612903
4463,0.03225806451612903
4464,0.03225806451612903
4465,0.03225806451612903
4466,0.03225806451612903
4467,0.03225806451612903
4468,0.03225806451612903
4469,0.03225806451612903
4470,0.03225806451612903
4471,0.03225806451612903
4472,0.03225806451612903
4473,0.03225806451612903
4474,0.03225806451612903
4475,0.03225806451612903
4476,0.03225806451612903
4477,0.03225806451612903
4478,0.03225806451612903
4479,0.03225806451612903
4480,0.03225806451612903
4481,0.03225806451612903
4482,0.03225806451612903
4483,0.03225806451612903
4484,0.03225806451612903
4485,0.03225806451612903
4486,0.03225806451612903
4487,0.03225806451612903
4488,0.03225806451612903
4489,0.03225806451612903
4490,0.03225806451612903
4491,0.03225806451612903
4492,0.03225806451612903
4493,0.03225806451612903
4494,0.03225806451612903
4495,0.03225806451612903
4496,0.03225806451612903
4497,0.03225806451612903
4498,0.03225806451612903
4499,0.03225806451612903
4500,0.03225806451612903
4501,0.03225806451612903
4502,0.03225806451612903
4503,0.03225806451612903
4504,0.03225806451612903
4505,0.03225806451612903
4506,0.03225806451612903
4507,0.03225806451612903
4508,0.03225806451612903
4509,0.03225806451612903
4510,0.03225806451612903
4511,0.03225806451612903
4512,0.03225806451612903
4513,0.03225806451612903
4514,0.03225806451612903
4515,0.03225806451612903
4516,0.03225806451612903
4517,0.03225806451612903
4518,0.03225806451612903
4519,0.03225806451612903
4520,0.03225806451612903
4521,0.03225806451612903
4522,0.03225806451612903
4523,0.03225806451612903
4524,0.03225806451612903
4525,0.03225806451612903
4526,0.03225806451612903
4527,0.03225806451612903
4528,0.03225806451612903
4529,0.03225806451612903
4530,0.03225806451612903
4531,0.03225806451612903
4532,0.03225806451612903
4533,0.03225806451612903
4534,0.03225806451612903
4535,0.03225806451612903
4536,0.03225806451612903
4537,0.03225806451612903
4538,0.03225806451612903
4539,0.03225806451612903
4540,0.03225806451612903
4541,0.03225806451612903
4542,0.03225806451612903
4543,0.03225806451612903
4544,0.03225806451612903
4545,0.03225806451612903
4546,0.03225806451612903
4547,0.03225806451612903
4548,0.03225806451612903
4549,0.03225806451612903
4550,0.03225806451612903
4551,0.03225806451612903
4552,0.03225806451612903
4553,0.03225806451612903
4554,0.03225806451612903
4555,0.03225806451612903
4556,0.03225806451612903
4557,0.03225806451612903
4558,0.03225806451612903
4559,0.03225806451612903
4560,0.03225806451612903
4561,0.03225806451612903
4562,0.03225806451612903
4563,0.03225806451612903
4564,0.03225806451612903
4565,0.03225806451612903
4566,0.03225806451612903
4567,0.03225806451612903
4568,0.03225806451612903
4569,0.03225806451612903
4570,0.03225806451612903
4571,0.03225806451612903
4572,0.03225806451612903
4573,0.03225806451612903
4574,0.03225806451612903
4575,0.03225806451612903
4576,0.03225806451612903
4577,0.03225806451612903
4578,0.03225806451612903
4579,0.03225806451612903
4580,0.03225806451612903
4581,0.03225806451612903
4582,0.03225806451612903
4583,0.03225806451612903
4584,0.03225806451612903
4585,0.03225806451612903
4586,0.03225806451612903
4587,0.03225806451612903
4588,0.03225806451612903
4589,0.03225806451612903
4590,0.03225806451612903
4591,0.03225806451612903
4592,0.03225806451612903
4593,0.03225806451612903
4594,0.03225806451612903
4595,0.03225806451612903
4596,0.03225806451612903
4597,0.03225806451612903
4598,0.03225806451612903
4599,0.03225806451612903
4600,0.03225806451612903
4601,0.03225806451612903
4602,0.03225806451612903
4603,0.03225806451612903
4604,0.03225806451612903
4605,0.03225806451612903
4606,0.03225806451612903
4607,0.03225806451612903
4608,0.03225806451612903
4609,0.03225806451612903
4610,0.03225806451612903
4611,0.03225806451612903
4612,0.03225806451612903
4613,0.03225806451612903
4614,0.03225806451612903
4615,0.03225806451612903
4616,0.03225806451612903
4617,0.03225806451612903
4618,0.03225806451612903
4619,0.03225806451612903
4620,0.03225806451612903
4621,0.03225806451612903
4622,0.03225806451612903
4623,0.03225806451612903
4624,0.03225806451612903
4625,0.03225806451612903
4626,0.03225806451612903
4627,0.03225806451612903
4628,0.03225806451612903
4629,0.03225806451612903
4630,0.03225806451612903
4631,0.03225806451612903
4632,0.03225806451612903
4633,0.03225806451612903
4634,0.03225806451612903
4635,0.03225806451612903
4636,0.03225806451612903
4637,0.03225806451612903
4638,0.03225806451612903
4639,0.03225806451612903
4640,0.03225806451612903
4641,0.03225806451612903
4642,0.03225806451612903
4643,0.03225806451612903
4644,0.03225806451612903
4645,0.03225806451612903
4646,0.03225806451612903
4647,0.03225806451612903
4648,0.03225806451612903
4649,0.03225806451612903
4650,0.03225806451612903
4651,0.03225806451612903
4652,0.03225806451612903
4653,0.03225806451612903
4654,0.03225806451612903
4655,0.03225806451612903
4656,0.03225806451612903
4657,0.03225806451612903
4658,0.03225806451612903
4659,0.03225806451612903
4660,0.03225806451612903
4661,0.03225806451612903
4662,0.03225806451612903
4663,0.03225806451612903
4664,0.03225806451612903
4665,0.03225806451612903
4666,0.03225806451612903
4667,0.03225806451612903
4668,0.03225806451612903
4669,0.03225806451612903
4670,0.03225806451612903
4671,0.03225806451612903
4672,0.03225806451612903
4673,0.03225806451612903
4674,0.03225806451612903
4675,0.03225806451612903
4676,0.03225806451612903
4677,0.03225806451612903
4678,0.03225806451612903
4679,0.03225806451612903
4680,0.03225806451612903
4681,0.03225806451612903
4682,0.03225806451612903
4683,0.03225806451612903
4684,0.03225806451612903
4685,0.03225806451612903
4686,0.03225806451612903
4687,0.03225806451612903
4688,0.03225806451612903
4689,0.03225806451612903
4690,0.03225806451612903
4691,0.03225806451612903
4692,0.03225806451612903
4693,0.03225806451612903
4694,0.03225806451612903
4695,0.03225806451612903
4696,0.03225806451612903
4697,0.03225806451612903
4698,0.03225806451612903
4699,0.03225806451612903
4700,0.03225806451612903
4701,0.03225806451612903
4702,0.03225806451612903
4703,0.03225806451612903
4704,0.03225806451612903
4705,0.03225806451612903
4706,0.03225806451612903
4707,0.03225806451612903
4708,0.03225806451612903
4709,0.03225806451612903
4710,0.03225806451612903
4711,0.03225806451612903
4712,0.03225806451612903
4713,0.03225806451612903
4714,0.03225806451612903
4715,0.03225806451612903
4716,0.03225806451612903
4717,0.03225806451612903
4718,0.03225806451612903
4719,0.03225806451612903
4720,0.03225806451612903
4721,0.03225806451612903
4722,0.03225806451612903
4723,0.03225806451612903
4724,0.03225806451612903
4725,0.03225806451612903
4726,0.03225806451612903
4727,0.03225806451612903
4728,0.03225806451612903
4729,0.03225806451612903
4730,0.03225806451612903
4731,0.03225806451612903
4732,0.03225806451612903
4733,0.03225806451612903
4734,0.03225806451612903
4735,0.03225806451612903
4736,0.03225806451612903
4737,0.03225806451612903
4738,0.03225806451612903
4739,0.03225806451612903
4740,0.03225806451612903
4741,0.03225806451612903
4742,0.03225806451612903
4743,0.03225806451612903
4744,0.03225806451612903
4745,0.03225806451612903
4746,0.03225806451612903
4747,0.03225806451612903
4748,0.03225806451612903
4749,0.03225806451612903
4750,0.03225806451612903
4751,0.03225806451612903
4752,0.03225806451612903
4753,0.03225806451612903
4754,0.03225806451612903
4755,0.03225806451612903
4756,0.03225806451612903
4757,0.03225806451612903
4758,0.03225806451612903
4759,0.03225806451612903
4760,0.03225806451612903
4761,0.03225806451612903
4762,0.03225806451612903
4763,0.03225806451612903
4764,0.03225806451612903
4765,0.03225806451612903
4766,0.03225806451612903
4767,0.03225806451612903
4768,0.03225806451612903
4769,0.03225806451612903
4770,0.03225806451612903
4771,0.03225806451612903
4772,0.03225806451612903
4773,0.03225806451612903
4774,0.03225806451612903
4775,0.03225806451612903
4776,0.03225806451612903
4777,0.03225806451612903
4778,0.03225806451612903
4779,0.03225806451612903
4780,0.03225806451612903
4781,0.03225806451612903
4782,0.03225806451612903
4783,0.03225806451612903
4784,0.03225806451612903
4785,0.03225806451612903
4786,0.03225806451612903
4787,0.03225806451612903
4788,0.03225806451612903
4789,0.03225806451612903
4790,0.03225806451612903
4791,0.03225806451612903
4792,0.03225806451612903
4793,0.03225806451612903
4794,0.03225806451612903
4795,0.03225806451612903
4796,0.03225806451612903
4797,0.03225806451612903
4798,0.03225806451612903
4799,0.03225806451612903
4800,0.03225806451612903
4801,0.03225806451612903
4802,0.03225806451612903
4803,0.03225806451612903
4804,0.03225806451612903
4805,0.03225806451612903
4806,0.03225806451612903
4807,0.03225806451612903
4808,0.03225806451612903
4809,0.03225806451612903
4810,0.03225806451612903
4811,0.03225806451612903
4812,0.03225806451612903
4813,0.03225806451612903
4814,0.03225806451612903
4815,0.03225806451612903
4816,0.03225806451612903
4817,0.03225806451612903
4818,0.03225806451612903
4819,0.03225806451612903
4820,0.03225806451612903
4821,0.03225806451612903
4822,0.03225806451612903
4823,0.03225806451612903
4824,0.03225806451612903
4825,0.03225806451612903
4826,0.03225806451612903
4827,0.03225806451612903
4828,0.03225806451612903
4829,0.03225806451612903
4830,0.03225806451612903
4831,0.03225806451612903
4832,0.03225806451612903
4833,0.03225806451612903
4834,0.03225806451612903
4835,0.03225806451612903
4836,0.03225806451612903
4837,0.03225806451612903
4838,0.03225806451612903
4839,0.03225806451612903
4840,0.03225806451612903
4841,0.03225806451612903
4842,0.03225806451612903
4843,0.03225806451612903
4844,0.03225806451612903
4845,0.03225806451612903
4846,0.03225806451612903
4847,0.03225806451612903
4848,0.03225806451612903
4849,0.03225806451612903
4850,0.03225806451612903
4851,0.03225806451612903
4852,0.03225806451612903
4853,0.03225806451612903
4854,0.03225806451612903
4855,0.03225806451612903
4856,0.03225806451612903
4857,0.03225806451612903
4858,0.03225806451612903
4859,0.03225806451612903
4860,0.03225806451612903
4861,0.03225806451612903
4862,0.03225806451612903
4863,0.03225806451612903
4864,0.03225806451612903
4865,0.03225806451612903
4866,0.03225806451612903
4867,0.03225806451612903
4868,0.03225806451612903
4869,0.03225806451612903
4870,0.03225806451612903
4871,0.03225806451612903
4872,0.03225806451612903
4873,0.03225806451612903
4874,0.03225806451612903
4875,0.03225806451612903
4876,0.03225806451612903
4877,0.03225806451612903
4878,0.03225806451612903
4879,0.03225806451612903
4880,0.03225806451612903
4881,0.03225806451612903
4882,0.03225806451612903
4883,0.03225806451612903
4884,0.03225806451612903
4885,0.03225806451612903
4886,0.03225806451612903
4887,0.03225806451612903
4888,0.03225806451612903
4889,0.03225806451612903
4890,0.03225806451612903
4891,0.03225806451612903
4892,0.03225806451612903
4893,0.03225806451612903
4894,0.03225806451612903
4895,0.03225806451612903
4896,0.03225806451612903
4897,0.03225806451612903
4898,0.03225806451612903
4899,0.03225806451612903
4900,0.03225806451612903
4901,0.03225806451612903
4902,0.03225806451612903
4903,0.03225806451612903
4904,0.03225806451612903
4905,0.03225806451612903
4906,0.03225806451612903
4907,0.03225806451612903
4908,0.03225806451612903
4909,0.03225806451612903
4910,0.03225806451612903
4911,0.03225806451612903
4912,0.03225806451612903
4913,0.03225806451612903
4914,0.03225806451612903
4915,0.03225806451612903
4916,0.03225806451612903
4917,0.03225806451612903
4918,0.03225806451612903
4919,0.03225806451612903
4920,0.03225806451612903
4921,0.03225806451612903
4922,0.03225806451612903
4923,0.03225806451612903
4924,0.03225806451612903
4925,0.03225806451612903
4926,0.03225806451612903
4927,0.03225806451612903
4928,0.03225806451612903
4929,0.03225806451612903
4930,0.03225806451612903
4931,0.03225806451612903
4932,0.03225806451612903
4933,0.03225806451612903
4934,0.03225806451612903
4935,0.03225806451612903
4936,0.03225806451612903
4937,0.03225806451612903
4938,0.03225806451612903
4939,0.03225806451612903
4940,0.03225806451612903
4941,0.03225806451612903
4942,0.03225806451612903
4943,0.03225806451612903
4944,0.03225806451612903
4945,0.03225806451612903
4946,0.03225806451612903
4947,0.03225806451612903
4948,0.03225806451612903
4949,0.03225806451612903
4950,0.03225806451612903
4951,0.03225806451612903
4952,0.03225806451612903
4953,0.03225806451612903
4954,0.03225806451612903
4955,0.03225806451612903
4956,0.03225806451612903
4957,0.03225806451612903
4958,0.03225806451612903
4959,0.03225806451612903
4960,0.03225806451612903
4961,0.03225806451612903
4962,0.03225806451612903
4963,0.03225806451612903
4964,0.03225806451612903
4965,0.03225806451612903
4966,0.03225806451612903
4967,0.03225806451612903
4968,0.03225806451612903
4969,0.03225806451612903
4970,0.03225806451612903
4971,0.03225806451612903
4972,0.03225806451612903
4973,0.03225806451612903
4974,0.03225806451612903
4975,0.03225806451612903
4976,0.03225806451612903
4977,0.03225806451612903
4978,0.03225806451612903
4979,0.03225806451612903
4980,0.03225806451612903
4981,0.03225806451612903
4982,0.03225806451612903
4983,0.03225806451612903
4984,0.03225806451612903
4985,0.03225806451612903
4986,0.03225806451612903
4987,0.03225806451612903
4988,0.03225806451612903
4989,0.03225806451612903
4990,0.03225806451612903
4991,0.03225806451612903
4992,0.03225806451612903
4993,0.03225806451612903
4994,0.03225806451612903
4995,0.03225806451612903
4996,0.03225806451612903
4997,0.03225806451612903
4998,0.03225806451612903
4999,0.03225806451612903
